Clave de la entidad,Entidad,Clave de la escuela,Nombre de la escuela,Turno,Nombre del municipio,Nombre de la licalidad,Subsistema,Grado de marginación (CONAPO) de la localidad donde se ubica el CT,Sostenimiento,Total de alumnos en el ultimo grado (matrícula),Alumnos programados,Alumnos evaluados: L&C,Alumnos evaluados: M,Porcentaje (%) de alumnos evaluados: L&C,Porcentaje (%) de alumnos evaluados: M,¿Los alumnos evaluados son representativos de la totalidad de los estudiantes de la escuela?: L&C,¿Los alumnos evaluados son representativos de la totalidad de los estudiantes de la escuela?: M,Escuelas parecidas para comparación,NLLC:Cantidad de alumnos en la escuela en cada nivel de logro: I,NLLC:Cantidad de alumnos en la escuela en cada nivel de logro: II,NLLC:Cantidad de alumnos en la escuela en cada nivel de logro: III,NLLC:Cantidad de alumnos en la escuela en cada nivel de logro: IV,NLLC:% de alumnos de la escuela en cada nivel de logro: I,NLLC:% de alumnos de la escuela en cada nivel de logro: II,NLLC:% de alumnos de la escuela en cada nivel de logro: III,NLLC:% de alumnos de la escuela en cada nivel de logro: IV,NLLC:Porcentaje de alumnos de escuelas parecidas en cada nivel de logro I,NLLC:Porcentaje de alumnos de escuelas parecidas en cada nivel de logro II,NLLC:Porcentaje de alumnos de escuelas parecidas en cada nivel de logro III,NLLC:Porcentaje de alumnos de escuelas parecidas en cada nivel de logro IV,NLLC:Porcentaje de alumnos en todas las escuelas de México de cada nivel de logro I,NLLC:Porcentaje de alumnos en todas las escuelas de México de cada nivel de logro II,NLLC:Porcentaje de alumnos en todas las escuelas de México de cada nivel de logro III,NLLC:Porcentaje de alumnos en todas las escuelas de México de cada nivel de logro IV,NLM:Cantidad de alumnos en la escuela en cada nivel de logro: I,NLM:Cantidad de alumnos en la escuela en cada nivel de logro: II,NLM:Cantidad de alumnos en la escuela en cada nivel de logro: III,NLM:Cantidad de alumnos en la escuela en cada nivel de logro: IV,NLM:% de alumnos de la escuela en cada nivel de logro: I,NLM:% de alumnos de la escuela en cada nivel de logro: II,NLM:% de alumnos de la escuela en cada nivel de logro: III,NLM:% de alumnos de la escuela en cada nivel de logro: IV,NLM:Porcentaje de alumnos de escuelas parecidas en cada nivel de logro I,NLM:Porcentaje de alumnos de escuelas parecidas en cada nivel de logro II,NLM:Porcentaje de alumnos de escuelas parecidas en cada nivel de logro III,NLM:Porcentaje de alumnos de escuelas parecidas en cada nivel de logro IV,NLM:Porcentaje de alumnos en todas las escuelas de México de cada nivel de logro I,NLM:Porcentaje de alumnos en todas las escuelas de México de cada nivel de logro II,NLM:Porcentaje de alumnos en todas las escuelas de México de cada nivel de logro III,NLM:Porcentaje de alumnos en todas las escuelas de México de cada nivel de logro IV
24,SAN LUIS POTOSI,24DPT0005Q,COLEGIO NACIONAL DE EDUCACION PROFESIONAL TECNICA NUM. 43 ING. MANUEL MOREN,MATUTINO,SAN LUIS POTOSI,SAN LUIS POTOSI,CONALEP EDOS,MUY BAJO,ESTATAL,172,76,71,71,93.4,93.4,SI,SI,Estatales de San Luis Potosí,19,22,23,7,26.8,31,32.4,9.9,37.8,30.3,25.4,6.5,33.9,28.1,28.7,9.2,45,15,9,2,63.4,21.1,12.7,2.8,68.1,23.5,6.5,1.9,66.2,23.3,8,2.5
24,SAN LUIS POTOSI,24DPT0005Q,COLEGIO NACIONAL DE EDUCACION PROFESIONAL TECNICA NUM. 43 ING. MANUEL MOREN,VESPERTINO,SAN LUIS POTOSI,SAN LUIS POTOSI,CONALEP EDOS,MUY BAJO,ESTATAL,123,76,72,73,94.7,96.1,SI,SI,Estatales de San Luis Potosí,38,20,14,0,52.8,27.8,19.4,0,37.8,30.3,25.4,6.5,33.9,28.1,28.7,9.2,59,14,0,0,80.8,19.2,0,0,68.1,23.5,6.5,1.9,66.2,23.3,8,2.5
24,SAN LUIS POTOSI,24ECB0017A,COLEGIO DE BACHILLERES NUM. 17,MATUTINO,SOLEDAD DE GRACIANO SANCHEZ,SOLEDAD DE GRACIANO SANCHEZ,COBACH,MUY BAJO,ESTATAL,201,76,72,74,94.7,97.4,SI,SI,Estatales de San Luis Potosí,21,15,31,5,29.2,20.8,43.1,6.9,37.8,30.3,25.4,6.5,33.9,28.1,28.7,9.2,47,19,5,3,63.5,25.7,6.8,4.1,68.1,23.5,6.5,1.9,66.2,23.3,8,2.5
24,SAN LUIS POTOSI,24ECB0017A,COLEGIO DE BACHILLERES NUM. 17,VESPERTINO,SOLEDAD DE GRACIANO SANCHEZ,SOLEDAD DE GRACIANO SANCHEZ,COBACH,MUY BAJO,ESTATAL,176,76,68,66,89.5,86.8,SI,SI,Estatales de San Luis Potosí,28,21,13,6,41.2,30.9,19.1,8.8,37.8,30.3,25.4,6.5,33.9,28.1,28.7,9.2,49,13,2,2,74.2,19.7,3,3,68.1,23.5,6.5,1.9,66.2,23.3,8,2.5
24,SAN LUIS POTOSI,24ECB0024K,COLEGIO DE BACHILLERES NUM. 25,MATUTINO,SAN LUIS POTOSI,SAN LUIS POTOSI,COBACH,MUY BAJO,ESTATAL,229,80,73,64,91.3,80,SI,SI,Estatales de San Luis Potosí,18,23,26,6,24.7,31.5,35.6,8.2,37.8,30.3,25.4,6.5,33.9,28.1,28.7,9.2,44,15,5,0,68.8,23.4,7.8,0,68.1,23.5,6.5,1.9,66.2,23.3,8,2.5
24,SAN LUIS POTOSI,24ECB0024K,COLEGIO DE BACHILLERES NUM. 25,VESPERTINO,SAN LUIS POTOSI,SAN LUIS POTOSI,COBACH,MUY BAJO,ESTATAL,218,76,70,70,92.1,92.1,SI,SI,Estatales de San Luis Potosí,16,30,22,2,22.9,42.9,31.4,2.9,37.8,30.3,25.4,6.5,33.9,28.1,28.7,9.2,46,19,5,0,65.7,27.1,7.1,0,68.1,23.5,6.5,1.9,66.2,23.3,8,2.5
24,SAN LUIS POTOSI,24ECB0027H,COLEGIO DE BACHILLERES NUM. 26,MATUTINO,SAN LUIS POTOSI,SAN LUIS POTOSI,COBACH,MUY BAJO,ESTATAL,385,80,72,71,90,88.8,SI,SI,Estatales de San Luis Potosí,7,19,23,23,9.7,26.4,31.9,31.9,37.8,30.3,25.4,6.5,33.9,28.1,28.7,9.2,28,21,16,6,39.4,29.6,22.5,8.5,68.1,23.5,6.5,1.9,66.2,23.3,8,2.5
24,SAN LUIS POTOSI,24ECB0027H,COLEGIO DE BACHILLERES NUM. 26,VESPERTINO,SAN LUIS POTOSI,SAN LUIS POTOSI,COBACH,MUY BAJO,ESTATAL,314,76,71,70,93.4,92.1,SI,SI,Estatales de San Luis Potosí,20,19,29,3,28.2,26.8,40.8,4.2,37.8,30.3,25.4,6.5,33.9,28.1,28.7,9.2,48,16,4,2,68.6,22.9,5.7,2.9,68.1,23.5,6.5,1.9,66.2,23.3,8,2.5
24,SAN LUIS POTOSI,24ECB0031U,COLEGIO DE BACHILLERES NUM. 28,MATUTINO,SAN LUIS POTOSI,SAN LUIS POTOSI,COBACH,MUY BAJO,ESTATAL,400,76,70,71,92.1,93.4,SI,SI,Estatales de San Luis Potosí,2,9,32,27,2.9,12.9,45.7,38.6,37.8,30.3,25.4,6.5,33.9,28.1,28.7,9.2,18,22,14,17,25.4,31,19.7,23.9,68.1,23.5,6.5,1.9,66.2,23.3,8,2.5
24,SAN LUIS POTOSI,24ECB0031U,COLEGIO DE BACHILLERES NUM. 28,VESPERTINO,SAN LUIS POTOSI,SAN LUIS POTOSI,COBACH,MUY BAJO,ESTATAL,336,76,70,75,92.1,98.7,SI,SI,Estatales de San Luis Potosí,5,14,35,16,7.1,20,50,22.9,37.8,30.3,25.4,6.5,33.9,28.1,28.7,9.2,28,26,16,5,37.3,34.7,21.3,6.7,68.1,23.5,6.5,1.9,66.2,23.3,8,2.5
24,SAN LUIS POTOSI,24ETC0002O,COLEGIO DE ESTUDIOS CIENTIFICOS Y TECNOLOGICOS UNIDAD SLP II REAL DE MINAS,MATUTINO,SAN LUIS POTOSI,SAN LUIS POTOSI,CECYTE,MUY BAJO,ESTATAL,189,76,60,67,78.9,88.2,SI,SI,Estatales de San Luis Potosí,14,21,21,4,23.3,35,35,6.7,37.8,30.3,25.4,6.5,33.9,28.1,28.7,9.2,43,15,5,4,64.2,22.4,7.5,6,68.1,23.5,6.5,1.9,66.2,23.3,8,2.5
24,SAN LUIS POTOSI,24ETC0002O,COLEGIO DE ESTUDIOS CIENTIFICOS Y TECNOLOGICOS UNIDAD SLP II REAL DE MINAS,VESPERTINO,SAN LUIS POTOSI,SAN LUIS POTOSI,CECYTE,MUY BAJO,ESTATAL,141,76,74,72,97.4,94.7,SI,SI,Estatales de San Luis Potosí,40,16,16,2,54.1,21.6,21.6,2.7,37.8,30.3,25.4,6.5,33.9,28.1,28.7,9.2,59,11,1,1,81.9,15.3,1.4,1.4,68.1,23.5,6.5,1.9,66.2,23.3,8,2.5
24,SAN LUIS POTOSI,24ETC0012V,COLEGIO DE ESTUDIOS CIENTIFICOS Y TECNOLOGICOS UNIDAD S.L.P. IX BOCAS,MATUTINO,SAN LUIS POTOSI,BOCAS (ESTACION BOCAS),CECYTE,MEDIO,ESTATAL,86,80,76,76,95,95,SI,SI,Estatales de San Luis Potosí,23,28,20,5,30.3,36.8,26.3,6.6,37.8,30.3,25.4,6.5,33.9,28.1,28.7,9.2,52,20,3,1,68.4,26.3,3.9,1.3,68.1,23.5,6.5,1.9,66.2,23.3,8,2.5
24,SAN LUIS POTOSI,24DCT0422Z,CENTRO DE BACHILLERATO TECNOLOGICO INDUSTRIAL Y DE SERVICIOS NUM. 121,MATUTINO,SOLEDAD DE GRACIANO SANCHEZ,SOLEDAD DE GRACIANO SANCHEZ,DGETI,MUY BAJO,FEDERAL,311,76,65,63,85.5,82.9,SI,SI,Federales de San Luis Potosí,11,23,21,10,16.9,35.4,32.3,15.4,32.4,31.6,29.9,6,33.9,28.1,28.7,9.2,30,22,6,5,47.6,34.9,9.5,7.9,62,27.5,8.7,1.8,66.2,23.3,8,2.5
24,SAN LUIS POTOSI,24DCT0422Z,CENTRO DE BACHILLERATO TECNOLOGICO INDUSTRIAL Y DE SERVICIOS NUM. 121,VESPERTINO,SOLEDAD DE GRACIANO SANCHEZ,SOLEDAD DE GRACIANO SANCHEZ,DGETI,MUY BAJO,FEDERAL,298,76,68,71,89.5,93.4,SI,SI,Federales de San Luis Potosí,22,18,25,3,32.4,26.5,36.8,4.4,32.4,31.6,29.9,6,33.9,28.1,28.7,9.2,34,22,12,3,47.9,31,16.9,4.2,62,27.5,8.7,1.8,66.2,23.3,8,2.5
24,SAN LUIS POTOSI,24DCT0424X,CENTRO DE BACHILLERATO TECNOLOGICO INDUSTRIAL Y DE SERVICIOS NUM. 131,MATUTINO,SAN LUIS POTOSI,SAN LUIS POTOSI,DGETI,MUY BAJO,FEDERAL,298,76,67,67,88.2,88.2,SI,SI,Federales de San Luis Potosí,7,16,29,15,10.4,23.9,43.3,22.4,32.4,31.6,29.9,6,33.9,28.1,28.7,9.2,27,22,14,4,40.3,32.8,20.9,6,62,27.5,8.7,1.8,66.2,23.3,8,2.5
24,SAN LUIS POTOSI,24DCT0424X,CENTRO DE BACHILLERATO TECNOLOGICO INDUSTRIAL Y DE SERVICIOS NUM. 131,VESPERTINO,SAN LUIS POTOSI,SAN LUIS POTOSI,DGETI,MUY BAJO,FEDERAL,233,76,64,70,84.2,92.1,SI,SI,Federales de San Luis Potosí,11,21,29,3,17.2,32.8,45.3,4.7,32.4,31.6,29.9,6,33.9,28.1,28.7,9.2,43,13,10,4,61.4,18.6,14.3,5.7,62,27.5,8.7,1.8,66.2,23.3,8,2.5
24,SAN LUIS POTOSI,24PBH0086Y,"INSTITUTO AVANCE, A.C.",MATUTINO,SAN LUIS POTOSI,SAN LUIS POTOSI,PARTICULARES,MUY BAJO,PARTICULAR,46,38,32,31,84.2,81.6,SI,SI,Privadas de San Luis Potosí,14,9,6,3,43.8,28.1,18.8,9.4,29.7,29,31.3,10,33.9,28.1,28.7,9.2,22,8,1,0,71,25.8,3.2,0,63.6,24.6,7.6,4.3,66.2,23.3,8,2.5
24,SAN LUIS POTOSI,24PCT0001V,INSTITUTO CARLOS GOMEZ,MATUTINO,SAN LUIS POTOSI,SAN LUIS POTOSI,PARTICULARES,MUY BAJO,PARTICULAR,126,76,70,68,92.1,89.5,SI,SI,Privadas de San Luis Potosí,7,13,32,18,10,18.6,45.7,25.7,29.7,29,31.3,10,33.9,28.1,28.7,9.2,15,24,10,19,22.1,35.3,14.7,27.9,63.6,24.6,7.6,4.3,66.2,23.3,8,2.5
24,SAN LUIS POTOSI,24SBC0001C,LIC. JESUS SILVA HERZOG,MATUTINO,SAN LUIS POTOSI,SAN LUIS POTOSI,PREECOS,MUY BAJO,PARTICULAR,420,76,67,68,88.2,89.5,SI,SI,Privadas de San Luis Potosí,6,14,33,14,9,20.9,49.3,20.9,29.7,29,31.3,10,33.9,28.1,28.7,9.2,20,31,13,4,29.4,45.6,19.1,5.9,63.6,24.6,7.6,4.3,66.2,23.3,8,2.5
24,SAN LUIS POTOSI,24SBC0019B,PROF. JOSE JUAREZ BARBOSA,MATUTINO,SAN LUIS POTOSI,SAN LUIS POTOSI,PREECOS,MUY BAJO,PARTICULAR,175,76,67,72,88.2,94.7,SI,SI,Privadas de San Luis Potosí,19,20,26,2,28.4,29.9,38.8,3,29.7,29,31.3,10,33.9,28.1,28.7,9.2,49,18,5,0,68.1,25,6.9,0,63.6,24.6,7.6,4.3,66.2,23.3,8,2.5
24,SAN LUIS POTOSI,24SBC0023O,E.P.C. NUM. 6 JESUS MARIA ISAIS REYES,VESPERTINO,SAN LUIS POTOSI,SAN LUIS POTOSI,PREECOS,MUY BAJO,PARTICULAR,31,29,28,29,96.6,100,SI,SI,Privadas de San Luis Potosí,12,8,8,0,42.9,28.6,28.6,0,29.7,29,31.3,10,33.9,28.1,28.7,9.2,25,3,1,0,86.2,10.3,3.4,0,63.6,24.6,7.6,4.3,66.2,23.3,8,2.5
24,SAN LUIS POTOSI,24DET0004L,CENTRO DE BACHILLERATO TECNOLOGICO INDUSTRIAL Y DE SERVICIOS NUM. 125,MATUTINO,SAN LUIS POTOSI,SAN LUIS POTOSI,OTRAS ESTATALES,MUY BAJO,ESTATAL,308,80,68,71,85,88.8,SI,SI,Estatales de San Luis Potosí,23,17,22,6,33.8,25,32.4,8.8,37.8,30.3,25.4,6.5,33.9,28.1,28.7,9.2,51,16,3,1,71.8,22.5,4.2,1.4,68.1,23.5,6.5,1.9,66.2,23.3,8,2.5
24,SAN LUIS POTOSI,24DET0004L,CENTRO DE BACHILLERATO TECNOLOGICO INDUSTRIAL Y DE SERVICIOS NUM. 125,VESPERTINO,SAN LUIS POTOSI,SAN LUIS POTOSI,OTRAS ESTATALES,MUY BAJO,ESTATAL,166,80,67,67,83.8,83.8,SI,SI,Estatales de San Luis Potosí,31,24,12,0,46.3,35.8,17.9,0,37.8,30.3,25.4,6.5,33.9,28.1,28.7,9.2,57,9,1,0,85.1,13.4,1.5,0,68.1,23.5,6.5,1.9,66.2,23.3,8,2.5
24,SAN LUIS POTOSI,24DPT0009M,COLEGIO NACIONAL DE EDUCACION PROFESIONAL TECNICA NUM. 205 SAN LUIS POTOSI,MATUTINO,SOLEDAD DE GRACIANO SANCHEZ,SOLEDAD DE GRACIANO SANCHEZ,CONALEP EDOS,MUY BAJO,ESTATAL,169,80,67,71,83.8,88.8,SI,SI,Estatales de San Luis Potosí,29,18,15,5,43.3,26.9,22.4,7.5,37.8,30.3,25.4,6.5,33.9,28.1,28.7,9.2,61,4,3,3,85.9,5.6,4.2,4.2,68.1,23.5,6.5,1.9,66.2,23.3,8,2.5
24,SAN LUIS POTOSI,24DPT0009M,COLEGIO NACIONAL DE EDUCACION PROFESIONAL TECNICA NUM. 205 SAN LUIS POTOSI,VESPERTINO,SOLEDAD DE GRACIANO SANCHEZ,SOLEDAD DE GRACIANO SANCHEZ,CONALEP EDOS,MUY BAJO,ESTATAL,132,80,59,60,73.8,75,SI,SI,Estatales de San Luis Potosí,37,13,9,0,62.7,22,15.3,0,37.8,30.3,25.4,6.5,33.9,28.1,28.7,9.2,59,1,0,0,98.3,1.7,0,0,68.1,23.5,6.5,1.9,66.2,23.3,8,2.5
24,SAN LUIS POTOSI,24DTA0196V,CENTRO DE BACHILLERATO TECNOLOGICO AGROPECUARIO NUM. 196,MATUTINO,SAN LUIS POTOSI,SAN LUIS POTOSI,DGETA,MUY BAJO,FEDERAL,147,80,62,52,77.5,65,SI,SI,Federales de San Luis Potosí,28,22,11,1,45.2,35.5,17.7,1.6,32.4,31.6,29.9,6,33.9,28.1,28.7,9.2,40,6,5,1,76.9,11.5,9.6,1.9,62,27.5,8.7,1.8,66.2,23.3,8,2.5
24,SAN LUIS POTOSI,24ECB0001Z,COLEGIO DE BACHILLERES NUM. 01,MATUTINO,SOLEDAD DE GRACIANO SANCHEZ,SOLEDAD DE GRACIANO SANCHEZ,COBACH,MUY BAJO,ESTATAL,379,80,73,76,91.3,95,SI,SI,Estatales de San Luis Potosí,8,20,32,13,11,27.4,43.8,17.8,37.8,30.3,25.4,6.5,33.9,28.1,28.7,9.2,36,26,8,6,47.4,34.2,10.5,7.9,68.1,23.5,6.5,1.9,66.2,23.3,8,2.5
24,SAN LUIS POTOSI,24ECB0001Z,COLEGIO DE BACHILLERES NUM. 01,VESPERTINO,SOLEDAD DE GRACIANO SANCHEZ,SOLEDAD DE GRACIANO SANCHEZ,COBACH,MUY BAJO,ESTATAL,300,80,72,73,90,91.3,SI,SI,Estatales de San Luis Potosí,15,16,30,11,20.8,22.2,41.7,15.3,37.8,30.3,25.4,6.5,33.9,28.1,28.7,9.2,41,21,10,1,56.2,28.8,13.7,1.4,68.1,23.5,6.5,1.9,66.2,23.3,8,2.5
24,SAN LUIS POTOSI,24ECB0025J,COLEGIO DE BACHILLERES NUM. 19,MATUTINO,SAN LUIS POTOSI,SAN LUIS POTOSI,COBACH,MUY BAJO,ESTATAL,248,80,77,76,96.3,95,SI,SI,Estatales de San Luis Potosí,10,26,33,8,13,33.8,42.9,10.4,37.8,30.3,25.4,6.5,33.9,28.1,28.7,9.2,36,30,5,5,47.4,39.5,6.6,6.6,68.1,23.5,6.5,1.9,66.2,23.3,8,2.5
24,SAN LUIS POTOSI,24ECB0025J,COLEGIO DE BACHILLERES NUM. 19,VESPERTINO,SAN LUIS POTOSI,SAN LUIS POTOSI,COBACH,MUY BAJO,ESTATAL,173,80,73,73,91.3,91.3,SI,SI,Estatales de San Luis Potosí,31,28,12,2,42.5,38.4,16.4,2.7,37.8,30.3,25.4,6.5,33.9,28.1,28.7,9.2,56,14,3,0,76.7,19.2,4.1,0,68.1,23.5,6.5,1.9,66.2,23.3,8,2.5
24,SAN LUIS POTOSI,24ETC0001P,"COLEGIO DE ESTUDIOS CIENTIFICOS Y TECNOLOGICOS ""UNIDAD SLP I LOMAS MEZQUITA",MATUTINO,SAN LUIS POTOSI,SAN LUIS POTOSI,CECYTE,MUY BAJO,ESTATAL,184,80,75,75,93.8,93.8,SI,SI,Estatales de San Luis Potosí,23,29,21,2,30.7,38.7,28,2.7,37.8,30.3,25.4,6.5,33.9,28.1,28.7,9.2,46,17,10,2,61.3,22.7,13.3,2.7,68.1,23.5,6.5,1.9,66.2,23.3,8,2.5
24,SAN LUIS POTOSI,24ETC0001P,"COLEGIO DE ESTUDIOS CIENTIFICOS Y TECNOLOGICOS ""UNIDAD SLP I LOMAS MEZQUITA",VESPERTINO,SAN LUIS POTOSI,SAN LUIS POTOSI,CECYTE,MUY BAJO,ESTATAL,132,80,71,73,88.8,91.3,SI,SI,Estatales de San Luis Potosí,34,25,8,4,47.9,35.2,11.3,5.6,37.8,30.3,25.4,6.5,33.9,28.1,28.7,9.2,61,10,2,0,83.6,13.7,2.7,0,68.1,23.5,6.5,1.9,66.2,23.3,8,2.5
24,SAN LUIS POTOSI,24ETC0003N,"COLEGIO DE ESTUDIOS CIENTIFICOS Y TECNOLOGICOS ""UNIDAD SLP III NUEVO PROGRE",MATUTINO,SAN LUIS POTOSI,SAN LUIS POTOSI,CECYTE,MUY BAJO,ESTATAL,201,80,77,76,96.3,95,SI,SI,Estatales de San Luis Potosí,23,26,23,5,29.9,33.8,29.9,6.5,37.8,30.3,25.4,6.5,33.9,28.1,28.7,9.2,49,17,4,6,64.5,22.4,5.3,7.9,68.1,23.5,6.5,1.9,66.2,23.3,8,2.5
24,SAN LUIS POTOSI,24ETC0003N,"COLEGIO DE ESTUDIOS CIENTIFICOS Y TECNOLOGICOS ""UNIDAD SLP III NUEVO PROGRE",VESPERTINO,SAN LUIS POTOSI,SAN LUIS POTOSI,CECYTE,MUY BAJO,ESTATAL,168,80,79,79,98.8,98.8,SI,SI,Estatales de San Luis Potosí,44,18,16,1,55.7,22.8,20.3,1.3,37.8,30.3,25.4,6.5,33.9,28.1,28.7,9.2,60,18,1,0,75.9,22.8,1.3,0,68.1,23.5,6.5,1.9,66.2,23.3,8,2.5
24,SAN LUIS POTOSI,24ETC0013U,COLEGIO DE ESTUDIOS CIENTIFICOS Y TECNOLOGICOS DEL ESTADO X ESCALERILLAS,MATUTINO,SAN LUIS POTOSI,ESCALERILLAS,CECYTE,MEDIO,ESTATAL,44,40,39,39,97.5,97.5,SI,SI,Estatales de San Luis Potosí,27,9,3,0,69.2,23.1,7.7,0,37.8,30.3,25.4,6.5,33.9,28.1,28.7,9.2,35,3,1,0,89.7,7.7,2.6,0,68.1,23.5,6.5,1.9,66.2,23.3,8,2.5
24,SAN LUIS POTOSI,24PBH0001A,COLEGIO SAN LUIS REY DE FRANCIA,MATUTINO,SAN LUIS POTOSI,SAN LUIS POTOSI,PARTICULARES,MUY BAJO,PARTICULAR,130,80,77,78,96.3,97.5,SI,SI,Privadas de San Luis Potosí,13,26,31,7,16.9,33.8,40.3,9.1,29.7,29,31.3,10,33.9,28.1,28.7,9.2,50,19,8,1,64.1,24.4,10.3,1.3,63.6,24.6,7.6,4.3,66.2,23.3,8,2.5
24,SAN LUIS POTOSI,24PBH0010I,"COLEGIO HISPANO MEXICANO, A.C.",MATUTINO,SAN LUIS POTOSI,SAN LUIS POTOSI,PARTICULARES,MUY BAJO,PARTICULAR,35,35,31,33,88.6,94.3,SI,SI,Privadas de San Luis Potosí,2,9,11,9,6.5,29,35.5,29,29.7,29,31.3,10,33.9,28.1,28.7,9.2,17,10,4,2,51.5,30.3,12.1,6.1,63.6,24.6,7.6,4.3,66.2,23.3,8,2.5
24,SAN LUIS POTOSI,24PBH0011H,COLEGIO SEMBRADORES DE AMISTAD,MATUTINO,SAN LUIS POTOSI,SAN LUIS POTOSI,PARTICULARES,MUY BAJO,PARTICULAR,89,80,77,77,96.3,96.3,SI,SI,Privadas de San Luis Potosí,3,17,33,24,3.9,22.1,42.9,31.2,29.7,29,31.3,10,33.9,28.1,28.7,9.2,13,36,11,17,16.9,46.8,14.3,22.1,63.6,24.6,7.6,4.3,66.2,23.3,8,2.5
24,SAN LUIS POTOSI,24PBH0014E,INSTITUTO SANTA RITA,MATUTINO,SAN LUIS POTOSI,SAN LUIS POTOSI,PARTICULARES,MUY BAJO,PARTICULAR,16,16,14,13,87.5,81.3,SI,SI,Privadas de San Luis Potosí,4,5,5,0,28.6,35.7,35.7,0,29.7,29,31.3,10,33.9,28.1,28.7,9.2,11,1,1,0,84.6,7.7,7.7,0,63.6,24.6,7.6,4.3,66.2,23.3,8,2.5
24,SAN LUIS POTOSI,24PBH0023M,"INSTITUTO LATINOAMERICANO DE SAN LUIS, A.C.",MATUTINO,SAN LUIS POTOSI,SAN LUIS POTOSI,PARTICULARES,MUY BAJO,PARTICULAR,12,12,12,12,100,100,SI,SI,Privadas de San Luis Potosí,0,3,7,2,0,25,58.3,16.7,29.7,29,31.3,10,33.9,28.1,28.7,9.2,3,7,1,1,25,58.3,8.3,8.3,63.6,24.6,7.6,4.3,66.2,23.3,8,2.5
24,SAN LUIS POTOSI,24PBH0028H,INSTITUTO TECNOLOGICO DE ESTUDIOS SUPERIORES DE MONTERREY CAMPUS SAN LUIS P,MATUTINO,SAN LUIS POTOSI,SAN LUIS POTOSI,PARTICULARES,MUY BAJO,PARTICULAR,280,80,79,77,98.8,96.3,SI,SI,Privadas de San Luis Potosí,1,1,28,49,1.3,1.3,35.4,62,29.7,29,31.3,10,33.9,28.1,28.7,9.2,7,21,28,21,9.1,27.3,36.4,27.3,63.6,24.6,7.6,4.3,66.2,23.3,8,2.5
24,SAN LUIS POTOSI,24PBH0031V,INSTITUTO CARLOS GOMEZ,MATUTINO,SAN LUIS POTOSI,SAN LUIS POTOSI,PARTICULARES,MUY BAJO,PARTICULAR,161,80,69,65,86.3,81.3,SI,SI,Privadas de San Luis Potosí,4,7,36,22,5.8,10.1,52.2,31.9,29.7,29,31.3,10,33.9,28.1,28.7,9.2,27,24,9,5,41.5,36.9,13.8,7.7,63.6,24.6,7.6,4.3,66.2,23.3,8,2.5
24,SAN LUIS POTOSI,24PBH0034S,"INSTITUTO ALFRED NOBEL DEL CENTRO, S.C.",MATUTINO,SAN LUIS POTOSI,SAN LUIS POTOSI,PARTICULARES,MUY BAJO,PARTICULAR,22,22,19,19,86.4,86.4,SI,SI,Privadas de San Luis Potosí,6,7,4,2,31.6,36.8,21.1,10.5,29.7,29,31.3,10,33.9,28.1,28.7,9.2,14,4,1,0,73.7,21.1,5.3,0,63.6,24.6,7.6,4.3,66.2,23.3,8,2.5
24,SAN LUIS POTOSI,24PBH0037P,COLEGIO VALLARTA,MATUTINO,SAN LUIS POTOSI,SAN LUIS POTOSI,PARTICULARES,MUY BAJO,PARTICULAR,16,16,14,15,87.5,93.8,SI,SI,Privadas de San Luis Potosí,4,3,5,2,28.6,21.4,35.7,14.3,29.7,29,31.3,10,33.9,28.1,28.7,9.2,12,3,0,0,80,20,0,0,63.6,24.6,7.6,4.3,66.2,23.3,8,2.5
24,SAN LUIS POTOSI,24PBH0045Y,INSTITUTO PONCIANO ARRIAGA,MATUTINO,SAN LUIS POTOSI,SAN LUIS POTOSI,PARTICULARES,MUY BAJO,PARTICULAR,265,80,57,53,71.3,66.3,SI,SI,Privadas de San Luis Potosí,38,10,9,0,66.7,17.5,15.8,0,29.7,29,31.3,10,33.9,28.1,28.7,9.2,48,4,1,0,90.6,7.5,1.9,0,63.6,24.6,7.6,4.3,66.2,23.3,8,2.5
24,SAN LUIS POTOSI,24PBH0046X,"INSTITUTO DE ESTUDIOS SUPERIORES DE SAN LUIS, A.C.",MATUTINO,SAN LUIS POTOSI,SAN LUIS POTOSI,PARTICULARES,MUY BAJO,PARTICULAR,14,14,13,13,92.9,92.9,SI,SI,Privadas de San Luis Potosí,7,2,3,1,53.8,15.4,23.1,7.7,29.7,29,31.3,10,33.9,28.1,28.7,9.2,12,0,1,0,92.3,0,7.7,0,63.6,24.6,7.6,4.3,66.2,23.3,8,2.5
24,SAN LUIS POTOSI,24PBH0047W,INSTITUTO ATENEA,MATUTINO,SAN LUIS POTOSI,SAN LUIS POTOSI,PARTICULARES,MUY BAJO,PARTICULAR,15,15,12,12,80,80,SI,SI,Privadas de San Luis Potosí,5,1,5,1,41.7,8.3,41.7,8.3,29.7,29,31.3,10,33.9,28.1,28.7,9.2,8,3,1,0,66.7,25,8.3,0,63.6,24.6,7.6,4.3,66.2,23.3,8,2.5
24,SAN LUIS POTOSI,24PBH0058B,FRAY BARTOLOME DE LAS CASAS,MATUTINO,SAN LUIS POTOSI,SAN LUIS POTOSI,PARTICULARES,MUY BAJO,PARTICULAR,46,40,36,36,90,90,SI,SI,Privadas de San Luis Potosí,10,12,12,2,27.8,33.3,33.3,5.6,29.7,29,31.3,10,33.9,28.1,28.7,9.2,29,5,2,0,80.6,13.9,5.6,0,63.6,24.6,7.6,4.3,66.2,23.3,8,2.5
24,SAN LUIS POTOSI,24PBH0070X,INSTITUTO JUSTO SIERRA,MATUTINO,SAN LUIS POTOSI,SAN LUIS POTOSI,PARTICULARES,MUY BAJO,PARTICULAR,17,17,11,12,64.7,70.6,SI,SI,Privadas de San Luis Potosí,3,3,5,0,27.3,27.3,45.5,0,29.7,29,31.3,10,33.9,28.1,28.7,9.2,12,0,0,0,100,0,0,0,63.6,24.6,7.6,4.3,66.2,23.3,8,2.5
24,SAN LUIS POTOSI,24PBH0074T,INSTITUTO CULTURAL LICEO DEL POTOSI,MATUTINO,SAN LUIS POTOSI,SAN LUIS POTOSI,PARTICULARES,MUY BAJO,PARTICULAR,43,40,37,37,92.5,92.5,SI,SI,Privadas de San Luis Potosí,11,9,13,4,29.7,24.3,35.1,10.8,29.7,29,31.3,10,33.9,28.1,28.7,9.2,23,12,1,1,62.2,32.4,2.7,2.7,63.6,24.6,7.6,4.3,66.2,23.3,8,2.5
24,SAN LUIS POTOSI,24PBH0075S,INSTITUTO JUVENTUD,MATUTINO,SAN LUIS POTOSI,SAN LUIS POTOSI,PARTICULARES,MUY BAJO,PARTICULAR,19,19,15,16,78.9,84.2,SI,SI,Privadas de San Luis Potosí,7,3,4,1,46.7,20,26.7,6.7,29.7,29,31.3,10,33.9,28.1,28.7,9.2,13,2,0,1,81.3,12.5,0,6.3,63.6,24.6,7.6,4.3,66.2,23.3,8,2.5
24,SAN LUIS POTOSI,24PBH0079O,ESCUELA PREPARATORIA REAL DEL POTOSI,MATUTINO,SAN LUIS POTOSI,SAN LUIS POTOSI,PARTICULARES,MUY BAJO,PARTICULAR,15,15,15,15,100,100,SI,SI,Privadas de San Luis Potosí,5,4,6,0,33.3,26.7,40,0,29.7,29,31.3,10,33.9,28.1,28.7,9.2,7,7,1,0,46.7,46.7,6.7,0,63.6,24.6,7.6,4.3,66.2,23.3,8,2.5
24,SAN LUIS POTOSI,24PBH0080D,RAFAEL NIETO,MATUTINO,SAN LUIS POTOSI,SAN LUIS POTOSI,PARTICULARES,MUY BAJO,PARTICULAR,49,40,33,33,82.5,82.5,SI,SI,Privadas de San Luis Potosí,11,10,10,2,33.3,30.3,30.3,6.1,29.7,29,31.3,10,33.9,28.1,28.7,9.2,27,4,2,0,81.8,12.1,6.1,0,63.6,24.6,7.6,4.3,66.2,23.3,8,2.5
24,SAN LUIS POTOSI,24PBH0081C,INSTITUTO BENEMERITO DE LAS AMERICAS,MATUTINO,SAN LUIS POTOSI,SAN LUIS POTOSI,PARTICULARES,MUY BAJO,PARTICULAR,27,27,26,25,96.3,92.6,SI,SI,Privadas de San Luis Potosí,12,3,9,2,46.2,11.5,34.6,7.7,29.7,29,31.3,10,33.9,28.1,28.7,9.2,19,4,2,0,76,16,8,0,63.6,24.6,7.6,4.3,66.2,23.3,8,2.5
24,SAN LUIS POTOSI,24PBH0083A,CENTRO EDUCATIVO MONTESSORI,MATUTINO,SAN LUIS POTOSI,SAN LUIS POTOSI,PARTICULARES,MUY BAJO,PARTICULAR,15,15,11,13,73.3,86.7,SI,SI,Privadas de San Luis Potosí,2,3,4,2,18.2,27.3,36.4,18.2,29.7,29,31.3,10,33.9,28.1,28.7,9.2,10,2,1,0,76.9,15.4,7.7,0,63.6,24.6,7.6,4.3,66.2,23.3,8,2.5
24,SAN LUIS POTOSI,24PBH0084Z,"COLEGIO ALMA PATRIA DE SAN LUIS, A.C.",MATUTINO,SAN LUIS POTOSI,SAN LUIS POTOSI,PARTICULARES,MUY BAJO,PARTICULAR,156,80,69,70,86.3,87.5,SI,SI,Privadas de San Luis Potosí,24,26,14,5,34.8,37.7,20.3,7.2,29.7,29,31.3,10,33.9,28.1,28.7,9.2,64,6,0,0,91.4,8.6,0,0,63.6,24.6,7.6,4.3,66.2,23.3,8,2.5
24,SAN LUIS POTOSI,24PBH0085Z,INSTITUTO RICARDO FLORES MAGON,MATUTINO,SOLEDAD DE GRACIANO SANCHEZ,SOLEDAD DE GRACIANO SANCHEZ,PARTICULARES,MUY BAJO,PARTICULAR,26,26,25,25,96.2,96.2,SI,SI,Privadas de San Luis Potosí,2,5,10,8,8,20,40,32,29.7,29,31.3,10,33.9,28.1,28.7,9.2,18,5,2,0,72,20,8,0,63.6,24.6,7.6,4.3,66.2,23.3,8,2.5
24,SAN LUIS POTOSI,24PBH0097D,ESCUELA PREPARATORIA SAN LUIS DE LA PATRIA,VESPERTINO,SAN LUIS POTOSI,SAN LUIS POTOSI,PARTICULARES,MUY BAJO,PARTICULAR,19,19,12,11,63.2,57.9,SI,SI,Privadas de San Luis Potosí,3,2,7,0,25,16.7,58.3,0,29.7,29,31.3,10,33.9,28.1,28.7,9.2,8,2,1,0,72.7,18.2,9.1,0,63.6,24.6,7.6,4.3,66.2,23.3,8,2.5
24,SAN LUIS POTOSI,24PBH0101Z,UNIVERSIDAD DEL CENTRO DE MEXICO,MATUTINO,SAN LUIS POTOSI,SAN LUIS POTOSI,PARTICULARES,MUY BAJO,PARTICULAR,72,40,38,36,95,90,SI,SI,Privadas de San Luis Potosí,2,6,14,16,5.3,15.8,36.8,42.1,29.7,29,31.3,10,33.9,28.1,28.7,9.2,14,12,7,3,38.9,33.3,19.4,8.3,63.6,24.6,7.6,4.3,66.2,23.3,8,2.5
24,SAN LUIS POTOSI,24PBH0102Z,JUANA DE ASBAJE,MATUTINO,SAN LUIS POTOSI,SAN LUIS POTOSI,PARTICULARES,MUY BAJO,PARTICULAR,14,14,14,14,100,100,SI,SI,Privadas de San Luis Potosí,3,3,6,2,21.4,21.4,42.9,14.3,29.7,29,31.3,10,33.9,28.1,28.7,9.2,10,3,1,0,71.4,21.4,7.1,0,63.6,24.6,7.6,4.3,66.2,23.3,8,2.5
24,SAN LUIS POTOSI,24PBH0111G,PREPARATORIA DE LA UNIVERSIDAD MARISTA DE SAN LUIS POTOSI,MATUTINO,SAN LUIS POTOSI,SAN LUIS POTOSI,PARTICULARES,MUY BAJO,PARTICULAR,22,22,20,19,90.9,86.4,SI,SI,Privadas de San Luis Potosí,3,4,11,2,15,20,55,10,29.7,29,31.3,10,33.9,28.1,28.7,9.2,11,5,2,1,57.9,26.3,10.5,5.3,63.6,24.6,7.6,4.3,66.2,23.3,8,2.5
24,SAN LUIS POTOSI,24PBH0114D,JOSE VASCONCELOS,VESPERTINO,SOLEDAD DE GRACIANO SANCHEZ,SOLEDAD DE GRACIANO SANCHEZ,PARTICULARES,MUY BAJO,PARTICULAR,96,80,39,37,48.8,46.3,SI,SI,Privadas de San Luis Potosí,18,10,8,3,46.2,25.6,20.5,7.7,29.7,29,31.3,10,33.9,28.1,28.7,9.2,27,8,1,1,73,21.6,2.7,2.7,63.6,24.6,7.6,4.3,66.2,23.3,8,2.5
24,SAN LUIS POTOSI,24PBH0117A,PREPARATORIA MOTOLINIA,MATUTINO,SAN LUIS POTOSI,SAN LUIS POTOSI,PARTICULARES,MUY BAJO,PARTICULAR,101,80,73,72,91.3,90,SI,SI,Privadas de San Luis Potosí,1,18,28,26,1.4,24.7,38.4,35.6,29.7,29,31.3,10,33.9,28.1,28.7,9.2,11,26,24,11,15.3,36.1,33.3,15.3,63.6,24.6,7.6,4.3,66.2,23.3,8,2.5
24,SAN LUIS POTOSI,24PBH0123L,BACHILLERATO UNIVERSIDAD CUAUHTEMOC SAN LUIS POTOSI,MATUTINO,SAN LUIS POTOSI,SAN LUIS POTOSI,PARTICULARES,MUY BAJO,PARTICULAR,53,40,39,38,97.5,95,SI,SI,Privadas de San Luis Potosí,7,13,13,6,17.9,33.3,33.3,15.4,29.7,29,31.3,10,33.9,28.1,28.7,9.2,28,3,6,1,73.7,7.9,15.8,2.6,63.6,24.6,7.6,4.3,66.2,23.3,8,2.5
24,SAN LUIS POTOSI,24PBH0126I,COLEGIO JOSE ANTONIO ALZATE Y RAMIREZ,MATUTINO,SAN LUIS POTOSI,SAN LUIS POTOSI,PARTICULARES,MUY BAJO,PARTICULAR,13,13,11,13,84.6,100,SI,SI,Privadas de San Luis Potosí,0,0,6,5,0,0,54.5,45.5,29.7,29,31.3,10,33.9,28.1,28.7,9.2,1,2,5,5,7.7,15.4,38.5,38.5,63.6,24.6,7.6,4.3,66.2,23.3,8,2.5
24,SAN LUIS POTOSI,24PBH3053A,COLEGIO MINERVA,MATUTINO,SAN LUIS POTOSI,SAN LUIS POTOSI,PARTICULARES,MUY BAJO,PARTICULAR,65,40,37,37,92.5,92.5,SI,SI,Privadas de San Luis Potosí,2,7,22,6,5.4,18.9,59.5,16.2,29.7,29,31.3,10,33.9,28.1,28.7,9.2,9,9,12,7,24.3,24.3,32.4,18.9,63.6,24.6,7.6,4.3,66.2,23.3,8,2.5
24,SAN LUIS POTOSI,24PBH3054Z,INSTITUTO GABRIEL AGUIRRE,MATUTINO,SAN LUIS POTOSI,SAN LUIS POTOSI,PARTICULARES,MUY BAJO,PARTICULAR,15,15,14,14,93.3,93.3,SI,SI,Privadas de San Luis Potosí,4,4,6,0,28.6,28.6,42.9,0,29.7,29,31.3,10,33.9,28.1,28.7,9.2,11,2,1,0,78.6,14.3,7.1,0,63.6,24.6,7.6,4.3,66.2,23.3,8,2.5
24,SAN LUIS POTOSI,24PBH3260I,"INSTITUTO HISPANO INGLES, A.C.",MATUTINO,SAN LUIS POTOSI,SAN LUIS POTOSI,PARTICULARES,MUY BAJO,PARTICULAR,43,40,36,37,90,92.5,SI,SI,Privadas de San Luis Potosí,7,3,16,10,19.4,8.3,44.4,27.8,29.7,29,31.3,10,33.9,28.1,28.7,9.2,16,15,6,0,43.2,40.5,16.2,0,63.6,24.6,7.6,4.3,66.2,23.3,8,2.5
24,SAN LUIS POTOSI,24PBH3363E,INSTITUTO ANDES DE SAN LUIS,MATUTINO,SAN LUIS POTOSI,SAN LUIS POTOSI,PARTICULARES,MUY BAJO,PARTICULAR,42,40,35,38,87.5,95,SI,SI,Privadas de San Luis Potosí,2,8,17,8,5.7,22.9,48.6,22.9,29.7,29,31.3,10,33.9,28.1,28.7,9.2,11,16,7,4,28.9,42.1,18.4,10.5,63.6,24.6,7.6,4.3,66.2,23.3,8,2.5
24,SAN LUIS POTOSI,24PBH3403P,UNIVERSIDAD DEL VALLE DE MEXICO,MATUTINO,SAN LUIS POTOSI,SAN LUIS POTOSI,PARTICULARES,MUY BAJO,PARTICULAR,79,40,39,39,97.5,97.5,SI,SI,Privadas de San Luis Potosí,3,7,14,15,7.7,17.9,35.9,38.5,29.7,29,31.3,10,33.9,28.1,28.7,9.2,14,14,6,5,35.9,35.9,15.4,12.8,63.6,24.6,7.6,4.3,66.2,23.3,8,2.5
24,SAN LUIS POTOSI,24PBH3642P,UNIVERSIDAD TECMILENIO CAMPUS SAN LUIS POTOSI,MATUTINO,SAN LUIS POTOSI,SAN LUIS POTOSI,PARTICULARES,MUY BAJO,PARTICULAR,205,80,74,76,92.5,95,SI,SI,Privadas de San Luis Potosí,10,9,33,22,13.5,12.2,44.6,29.7,29.7,29,31.3,10,33.9,28.1,28.7,9.2,22,32,16,6,28.9,42.1,21.1,7.9,63.6,24.6,7.6,4.3,66.2,23.3,8,2.5
24,SAN LUIS POTOSI,24PBH3717P,COLEGIO INTERNACIONAL TERRANOVA BACHILLERATO,MATUTINO,SAN LUIS POTOSI,SAN LUIS POTOSI,PARTICULARES,MUY BAJO,PARTICULAR,19,19,16,16,84.2,84.2,SI,SI,Privadas de San Luis Potosí,0,3,9,4,0,18.8,56.3,25,29.7,29,31.3,10,33.9,28.1,28.7,9.2,6,4,3,3,37.5,25,18.8,18.8,63.6,24.6,7.6,4.3,66.2,23.3,8,2.5
24,SAN LUIS POTOSI,24PBH3851V,MULTIVERSIDAD LATINOAMERICANA CAMPUS SAN LUIS POTOSI BACHILLERATO,MATUTINO,SOLEDAD DE GRACIANO SANCHEZ,LOS GOMEZ,PARTICULARES,BAJO,PARTICULAR,21,21,19,19,90.5,90.5,SI,SI,Privadas de San Luis Potosí,4,3,10,2,21.1,15.8,52.6,10.5,29.7,29,31.3,10,33.9,28.1,28.7,9.2,15,2,2,0,78.9,10.5,10.5,0,63.6,24.6,7.6,4.3,66.2,23.3,8,2.5
24,SAN LUIS POTOSI,24PCB0002E,INSTITUTO LOMAS DEL REAL,MATUTINO,SAN LUIS POTOSI,SAN LUIS POTOSI,PARTICULARES,MUY BAJO,PARTICULAR,24,24,24,24,100,100,SI,SI,Privadas de San Luis Potosí,1,1,14,8,4.2,4.2,58.3,33.3,29.7,29,31.3,10,33.9,28.1,28.7,9.2,6,7,5,6,25,29.2,20.8,25,63.6,24.6,7.6,4.3,66.2,23.3,8,2.5
24,SAN LUIS POTOSI,24PCB0003D,"COLEGIO JUAN DE DIOS PEZA, A.C.",MATUTINO,SAN LUIS POTOSI,SAN LUIS POTOSI,PARTICULARES,MUY BAJO,PARTICULAR,56,40,38,39,95,97.5,SI,SI,Privadas de San Luis Potosí,4,7,13,14,10.5,18.4,34.2,36.8,29.7,29,31.3,10,33.9,28.1,28.7,9.2,21,10,4,4,53.8,25.6,10.3,10.3,63.6,24.6,7.6,4.3,66.2,23.3,8,2.5
24,SAN LUIS POTOSI,24PCB0016H,INSTITUTO REAL DE SAN LUIS,MATUTINO,SAN LUIS POTOSI,SAN LUIS POTOSI,PARTICULARES,MUY BAJO,PARTICULAR,26,26,22,23,84.6,88.5,SI,SI,Privadas de San Luis Potosí,0,4,8,10,0,18.2,36.4,45.5,29.7,29,31.3,10,33.9,28.1,28.7,9.2,5,4,5,9,21.7,17.4,21.7,39.1,63.6,24.6,7.6,4.3,66.2,23.3,8,2.5
24,SAN LUIS POTOSI,24PCB0017G,INSTITUTO LA PAZ,MATUTINO,SAN LUIS POTOSI,SAN LUIS POTOSI,PARTICULARES,MUY BAJO,PARTICULAR,19,19,17,17,89.5,89.5,SI,SI,Privadas de San Luis Potosí,0,6,6,5,0,35.3,35.3,29.4,29.7,29,31.3,10,33.9,28.1,28.7,9.2,5,10,2,0,29.4,58.8,11.8,0,63.6,24.6,7.6,4.3,66.2,23.3,8,2.5
24,SAN LUIS POTOSI,24PCB0021T,CONCIENCIA BACHILLER,MATUTINO,SAN LUIS POTOSI,SAN LUIS POTOSI,PARTICULARES,MUY BAJO,PARTICULAR,16,16,15,16,93.8,100,SI,SI,Privadas de San Luis Potosí,3,3,6,3,20,20,40,20,29.7,29,31.3,10,33.9,28.1,28.7,9.2,8,5,3,0,50,31.3,18.8,0,63.6,24.6,7.6,4.3,66.2,23.3,8,2.5
24,SAN LUIS POTOSI,24PCT0005R,CARTAGO,VESPERTINO,SAN LUIS POTOSI,SAN LUIS POTOSI,PARTICULARES,MUY BAJO,PARTICULAR,81,80,70,71,87.5,88.8,SI,SI,Privadas de San Luis Potosí,31,23,15,1,44.3,32.9,21.4,1.4,29.7,29,31.3,10,33.9,28.1,28.7,9.2,63,8,0,0,88.7,11.3,0,0,63.6,24.6,7.6,4.3,66.2,23.3,8,2.5
24,SAN LUIS POTOSI,24PCT0010C,BACHILLERATO TECNOLOGICO DE SAN LUIS POTOSI,VESPERTINO,SAN LUIS POTOSI,SAN LUIS POTOSI,PARTICULARES,MUY BAJO,PARTICULAR,17,17,14,14,82.4,82.4,SI,SI,Privadas de San Luis Potosí,4,4,4,2,28.6,28.6,28.6,14.3,29.7,29,31.3,10,33.9,28.1,28.7,9.2,3,7,2,2,21.4,50,14.3,14.3,63.6,24.6,7.6,4.3,66.2,23.3,8,2.5
24,SAN LUIS POTOSI,24PCT0022H,EDUCATIVO TECNOLOGICO EMETA,MATUTINO,SAN LUIS POTOSI,SAN LUIS POTOSI,PARTICULARES,MUY BAJO,PARTICULAR,18,18,15,15,83.3,83.3,SI,SI,Privadas de San Luis Potosí,8,4,3,0,53.3,26.7,20,0,29.7,29,31.3,10,33.9,28.1,28.7,9.2,12,3,0,0,80,20,0,0,63.6,24.6,7.6,4.3,66.2,23.3,8,2.5
24,SAN LUIS POTOSI,24SBC0002B,PROF. PEDRO VALLEJO,VESPERTINO,SAN LUIS POTOSI,SAN LUIS POTOSI,PREECOS,MUY BAJO,PARTICULAR,231,80,74,74,92.5,92.5,SI,SI,Privadas de San Luis Potosí,22,21,23,8,29.7,28.4,31.1,10.8,29.7,29,31.3,10,33.9,28.1,28.7,9.2,28,25,8,13,37.8,33.8,10.8,17.6,63.6,24.6,7.6,4.3,66.2,23.3,8,2.5
24,SAN LUIS POTOSI,24SBC0003A,PROF. JESUS R ALDERETE,VESPERTINO,SAN LUIS POTOSI,SAN LUIS POTOSI,PREECOS,MUY BAJO,PARTICULAR,209,80,75,75,93.8,93.8,SI,SI,Privadas de San Luis Potosí,29,20,23,3,38.7,26.7,30.7,4,29.7,29,31.3,10,33.9,28.1,28.7,9.2,67,7,0,1,89.3,9.3,0,1.3,63.6,24.6,7.6,4.3,66.2,23.3,8,2.5
24,SAN LUIS POTOSI,24SBC0004Z,FRANCISCO MARTINEZ DE LA VEGA,MATUTINO,SAN LUIS POTOSI,SAN LUIS POTOSI,PREECOS,MUY BAJO,PARTICULAR,342,80,75,77,93.8,96.3,SI,SI,Privadas de San Luis Potosí,0,17,38,20,0,22.7,50.7,26.7,29.7,29,31.3,10,33.9,28.1,28.7,9.2,25,28,17,7,32.5,36.4,22.1,9.1,63.6,24.6,7.6,4.3,66.2,23.3,8,2.5
24,SAN LUIS POTOSI,24SBC0005Z,PROF. LIBRADO RIVERA,VESPERTINO,SOLEDAD DE GRACIANO SANCHEZ,SOLEDAD DE GRACIANO SANCHEZ,PREECOS,MUY BAJO,PARTICULAR,108,80,75,74,93.8,92.5,SI,SI,Privadas de San Luis Potosí,39,20,13,3,52,26.7,17.3,4,29.7,29,31.3,10,33.9,28.1,28.7,9.2,61,11,1,1,82.4,14.9,1.4,1.4,63.6,24.6,7.6,4.3,66.2,23.3,8,2.5
24,SAN LUIS POTOSI,24SBC0010K,RAFAEL NIETO COMPEAN,NOCTURNO,SAN LUIS POTOSI,SAN LUIS POTOSI,PREECOS,MUY BAJO,PARTICULAR,59,40,40,40,100,100,SI,SI,Privadas de San Luis Potosí,11,17,9,3,27.5,42.5,22.5,7.5,29.7,29,31.3,10,33.9,28.1,28.7,9.2,20,16,2,2,50,40,5,5,63.6,24.6,7.6,4.3,66.2,23.3,8,2.5
24,SAN LUIS POTOSI,24SBC0011J,PROFA. CELIA FERNANDEZ CAPETILLO,VESPERTINO,SAN LUIS POTOSI,SAN LUIS POTOSI,PREECOS,MUY BAJO,PARTICULAR,153,80,74,76,92.5,95,SI,SI,Privadas de San Luis Potosí,36,23,13,2,48.6,31.1,17.6,2.7,29.7,29,31.3,10,33.9,28.1,28.7,9.2,72,4,0,0,94.7,5.3,0,0,63.6,24.6,7.6,4.3,66.2,23.3,8,2.5
24,SAN LUIS POTOSI,24SBC0012I,LIC. ANTONIO ROCHA CORDERO,VESPERTINO,SAN LUIS POTOSI,SAN LUIS POTOSI,PREECOS,MUY BAJO,PARTICULAR,47,40,35,35,87.5,87.5,SI,SI,Privadas de San Luis Potosí,7,15,10,3,20,42.9,28.6,8.6,29.7,29,31.3,10,33.9,28.1,28.7,9.2,25,7,3,0,71.4,20,8.6,0,63.6,24.6,7.6,4.3,66.2,23.3,8,2.5
24,SAN LUIS POTOSI,24SBC0013H,PONCIANO ARRIAGA,MATUTINO,SAN LUIS POTOSI,SAN LUIS POTOSI,PREECOS,MUY BAJO,PARTICULAR,153,80,69,66,86.3,82.5,SI,SI,Privadas de San Luis Potosí,36,20,10,3,52.2,29,14.5,4.3,29.7,29,31.3,10,33.9,28.1,28.7,9.2,56,9,0,1,84.8,13.6,0,1.5,63.6,24.6,7.6,4.3,66.2,23.3,8,2.5
24,SAN LUIS POTOSI,24SBC0014G,E.P.C. NUM. 1 BENITO SOLIS LUNA,VESPERTINO,SAN LUIS POTOSI,SAN LUIS POTOSI,PREECOS,MUY BAJO,PARTICULAR,22,22,18,19,81.8,86.4,SI,SI,Privadas de San Luis Potosí,7,3,7,1,38.9,16.7,38.9,5.6,29.7,29,31.3,10,33.9,28.1,28.7,9.2,13,6,0,0,68.4,31.6,0,0,63.6,24.6,7.6,4.3,66.2,23.3,8,2.5
24,SAN LUIS POTOSI,24SBC0015F,E.P.C. NUM. 2 LUIS G. MEDELLIN NIÑO,MATUTINO,SAN LUIS POTOSI,SAN LUIS POTOSI,PREECOS,MUY BAJO,PARTICULAR,69,40,32,35,80,87.5,SI,SI,Privadas de San Luis Potosí,10,15,6,1,31.3,46.9,18.8,3.1,29.7,29,31.3,10,33.9,28.1,28.7,9.2,30,5,0,0,85.7,14.3,0,0,63.6,24.6,7.6,4.3,66.2,23.3,8,2.5
24,SAN LUIS POTOSI,24SBC0020R,PROFA. MARGARITA CARDENAS DE RENTERIA,MATUTINO,SAN LUIS POTOSI,SAN LUIS POTOSI,PREECOS,MUY BAJO,PARTICULAR,412,80,78,77,97.5,96.3,SI,SI,Privadas de San Luis Potosí,8,26,38,6,10.3,33.3,48.7,7.7,29.7,29,31.3,10,33.9,28.1,28.7,9.2,60,13,4,0,77.9,16.9,5.2,0,63.6,24.6,7.6,4.3,66.2,23.3,8,2.5
24,SAN LUIS POTOSI,24SBC0021Q,PROF. J. NATIVIDAD SANCHEZ,VESPERTINO,SAN LUIS POTOSI,SAN LUIS POTOSI,PREECOS,MUY BAJO,PARTICULAR,162,80,67,67,83.8,83.8,SI,SI,Privadas de San Luis Potosí,25,26,12,4,37.3,38.8,17.9,6,29.7,29,31.3,10,33.9,28.1,28.7,9.2,57,9,1,0,85.1,13.4,1.5,0,63.6,24.6,7.6,4.3,66.2,23.3,8,2.5
24,SAN LUIS POTOSI,24SBC0022P,E.P.C. NUM. 5 GRACIANO SANCHEZ ROMO,MATUTINO,SOLEDAD DE GRACIANO SANCHEZ,SOLEDAD DE GRACIANO SANCHEZ,PREECOS,MUY BAJO,PARTICULAR,41,40,40,39,100,97.5,SI,SI,Privadas de San Luis Potosí,11,18,9,2,27.5,45,22.5,5,29.7,29,31.3,10,33.9,28.1,28.7,9.2,30,7,2,0,76.9,17.9,5.1,0,63.6,24.6,7.6,4.3,66.2,23.3,8,2.5
24,SAN LUIS POTOSI,24SBC0026L,PROF. JOSE CESAR CRUZ SANDOVAL,MATUTINO,SAN LUIS POTOSI,SAN LUIS POTOSI,PREECOS,MUY BAJO,PARTICULAR,207,80,75,76,93.8,95,SI,SI,Privadas de San Luis Potosí,9,22,33,11,12,29.3,44,14.7,29.7,29,31.3,10,33.9,28.1,28.7,9.2,26,29,15,6,34.2,38.2,19.7,7.9,63.6,24.6,7.6,4.3,66.2,23.3,8,2.5
24,SAN LUIS POTOSI,24SBC0037R,E.P.C. NUM. 19 CAP. MIGUEL CALDERA,VESPERTINO,SAN LUIS POTOSI,BOCAS (ESTACION BOCAS),PREECOS,MEDIO,PARTICULAR,24,24,20,20,83.3,83.3,SI,SI,Privadas de San Luis Potosí,15,4,1,0,75,20,5,0,29.7,29,31.3,10,33.9,28.1,28.7,9.2,20,0,0,0,100,0,0,0,63.6,24.6,7.6,4.3,66.2,23.3,8,2.5
24,SAN LUIS POTOSI,24SBC0040E,PROF. JUAN GREGORIO SALINAS FUENTES,VESPERTINO,SAN LUIS POTOSI,SAN LUIS POTOSI,PREECOS,MUY BAJO,PARTICULAR,149,80,69,67,86.3,83.8,SI,SI,Privadas de San Luis Potosí,35,18,15,1,50.7,26.1,21.7,1.4,29.7,29,31.3,10,33.9,28.1,28.7,9.2,58,6,2,1,86.6,9,3,1.5,63.6,24.6,7.6,4.3,66.2,23.3,8,2.5
24,SAN LUIS POTOSI,24SBC0053I,E.P.C. NUM. 32 JUSTO SIERRA,MATUTINO,SOLEDAD DE GRACIANO SANCHEZ,RANCHO NUEVO,PREECOS,MEDIO,PARTICULAR,30,30,28,28,93.3,93.3,SI,SI,Privadas de San Luis Potosí,19,5,3,1,67.9,17.9,10.7,3.6,29.7,29,31.3,10,33.9,28.1,28.7,9.2,27,1,0,0,96.4,3.6,0,0,63.6,24.6,7.6,4.3,66.2,23.3,8,2.5
24,SAN LUIS POTOSI,24SBC0055G,PROF. ANTONIO TRISTAN ALVAREZ,MATUTINO,SAN LUIS POTOSI,SAN LUIS POTOSI,PREECOS,MUY BAJO,PARTICULAR,228,80,75,75,93.8,93.8,SI,SI,Privadas de San Luis Potosí,30,22,22,1,40,29.3,29.3,1.3,29.7,29,31.3,10,33.9,28.1,28.7,9.2,59,14,2,0,78.7,18.7,2.7,0,63.6,24.6,7.6,4.3,66.2,23.3,8,2.5
24,SAN LUIS POTOSI,24SBC0070Z,E.P.C. NUM. 22 RICARDO FLORES MAGON,VESPERTINO,SAN LUIS POTOSI,SAN LUIS POTOSI,PREECOS,MUY BAJO,PARTICULAR,42,40,35,36,87.5,90,SI,SI,Privadas de San Luis Potosí,15,10,9,1,42.9,28.6,25.7,2.9,29.7,29,31.3,10,33.9,28.1,28.7,9.2,31,2,1,2,86.1,5.6,2.8,5.6,63.6,24.6,7.6,4.3,66.2,23.3,8,2.5
24,SAN LUIS POTOSI,24SBC0071Y,PROFA. CELIA LECHON NOYOLA,MATUTINO,SAN LUIS POTOSI,SAN LUIS POTOSI,PREECOS,MUY BAJO,PARTICULAR,172,80,75,75,93.8,93.8,SI,SI,Privadas de San Luis Potosí,15,23,31,6,20,30.7,41.3,8,29.7,29,31.3,10,33.9,28.1,28.7,9.2,54,16,3,2,72,21.3,4,2.7,63.6,24.6,7.6,4.3,66.2,23.3,8,2.5
24,SAN LUIS POTOSI,24SBC0076T,NUEVA GENERACION,MATUTINO,SAN LUIS POTOSI,LA PILA,PREECOS,MEDIO,PARTICULAR,42,40,35,35,87.5,87.5,SI,SI,Privadas de San Luis Potosí,22,7,6,0,62.9,20,17.1,0,29.7,29,31.3,10,33.9,28.1,28.7,9.2,31,4,0,0,88.6,11.4,0,0,63.6,24.6,7.6,4.3,66.2,23.3,8,2.5
24,SAN LUIS POTOSI,24SBC0081E,PREPARATORIA MUNICIPAL EL SAUCITO,MATUTINO,SAN LUIS POTOSI,SAN LUIS POTOSI,PREECOS,MUY BAJO,PARTICULAR,150,80,70,75,87.5,93.8,SI,SI,Privadas de San Luis Potosí,29,26,13,2,41.4,37.1,18.6,2.9,29.7,29,31.3,10,33.9,28.1,28.7,9.2,71,4,0,0,94.7,5.3,0,0,63.6,24.6,7.6,4.3,66.2,23.3,8,2.5
24,SAN LUIS POTOSI,24SBC0087Z,SOLIDARIDAD,MATUTINO,SAN LUIS POTOSI,SAN LUIS POTOSI,PREECOS,MUY BAJO,PARTICULAR,81,80,79,79,98.8,98.8,SI,SI,Privadas de San Luis Potosí,15,28,28,8,19,35.4,35.4,10.1,29.7,29,31.3,10,33.9,28.1,28.7,9.2,42,28,6,3,53.2,35.4,7.6,3.8,63.6,24.6,7.6,4.3,66.2,23.3,8,2.5
24,SAN LUIS POTOSI,24SBC0088Y,PROF. RAFAEL TURRUBIARTES MACIAS,MATUTINO,SAN LUIS POTOSI,SAN LUIS POTOSI,PREECOS,MUY BAJO,PARTICULAR,64,40,37,37,92.5,92.5,SI,SI,Privadas de San Luis Potosí,17,9,9,2,45.9,24.3,24.3,5.4,29.7,29,31.3,10,33.9,28.1,28.7,9.2,29,7,1,0,78.4,18.9,2.7,0,63.6,24.6,7.6,4.3,66.2,23.3,8,2.5
24,SAN LUIS POTOSI,24SBC0089X,TOMAS MIRANDA LEURA,MATUTINO,SOLEDAD DE GRACIANO SANCHEZ,SOLEDAD DE GRACIANO SANCHEZ,PREECOS,MUY BAJO,PARTICULAR,80,80,75,75,93.8,93.8,SI,SI,Privadas de San Luis Potosí,41,26,7,1,54.7,34.7,9.3,1.3,29.7,29,31.3,10,33.9,28.1,28.7,9.2,65,7,3,0,86.7,9.3,4,0,63.6,24.6,7.6,4.3,66.2,23.3,8,2.5
24,SAN LUIS POTOSI,24SBC0092K,FLORENCIO SALAZAR MARTINEZ,VESPERTINO,SOLEDAD DE GRACIANO SANCHEZ,ENRIQUE ESTRADA (LA CONCHA),PREECOS,BAJO,PARTICULAR,21,21,21,21,100,100,SI,SI,Privadas de San Luis Potosí,14,5,1,1,66.7,23.8,4.8,4.8,29.7,29,31.3,10,33.9,28.1,28.7,9.2,20,1,0,0,95.2,4.8,0,0,63.6,24.6,7.6,4.3,66.2,23.3,8,2.5
24,SAN LUIS POTOSI,24SBC1079X,NICOLAS LEON,VESPERTINO,SAN LUIS POTOSI,PEÑASCO,PREECOS,MEDIO,PARTICULAR,24,24,19,19,79.2,79.2,SI,SI,Privadas de San Luis Potosí,11,6,2,0,57.9,31.6,10.5,0,29.7,29,31.3,10,33.9,28.1,28.7,9.2,18,1,0,0,94.7,5.3,0,0,63.6,24.6,7.6,4.3,66.2,23.3,8,2.5
24,SAN LUIS POTOSI,24SBC1093Q,MIGUEL DE CERVANTES SAAVEDRA,VESPERTINO,SAN LUIS POTOSI,SAN LUIS POTOSI,PREECOS,MUY BAJO,PARTICULAR,18,18,16,17,88.9,94.4,SI,SI,Privadas de San Luis Potosí,10,5,1,0,62.5,31.3,6.3,0,29.7,29,31.3,10,33.9,28.1,28.7,9.2,15,2,0,0,88.2,11.8,0,0,63.6,24.6,7.6,4.3,66.2,23.3,8,2.5
