Nombre de la escuela,Clave de la escuela,Clave de la entidad,Turno,Nombre del municipio,Subsistema,Grado de marginación (CONAPO) de la localidad donde se ubica el CT,Sostenimiento,Total de alumnos en el ultimo grado (matrícula),Alumnos programados,Alumnos evaluados: L&C,Alumnos evaluados: M,Porcentaje (%) de alumnos evaluados: L&C,Porcentaje (%) de alumnos evaluados: M,Escuelas parecidas para comparación,NLLC:Cantidad de alumnos en la escuela en cada nivel de logro: I,NLLC:Cantidad de alumnos en la escuela en cada nivel de logro: II,NLLC:Cantidad de alumnos en la escuela en cada nivel de logro: III,NLLC:Cantidad de alumnos en la escuela en cada nivel de logro: IV,NLLC:% de alumnos de la escuela en cada nivel de logro: I,NLLC:% de alumnos de la escuela en cada nivel de logro: II,NLLC:% de alumnos de la escuela en cada nivel de logro: III,NLLC:% de alumnos de la escuela en cada nivel de logro: IV,NLLC:Porcentaje de alumnos de escuelas parecidas en cada nivel de logro I,NLLC:Porcentaje de alumnos de escuelas parecidas en cada nivel de logro II,NLLC:Porcentaje de alumnos de escuelas parecidas en cada nivel de logro III,NLLC:Porcentaje de alumnos de escuelas parecidas en cada nivel de logro IV,NLLC:Porcentaje de alumnos en todas las escuelas de México de cada nivel de logro I,NLLC:Porcentaje de alumnos en todas las escuelas de México de cada nivel de logro II,NLLC:Porcentaje de alumnos en todas las escuelas de México de cada nivel de logro III,NLLC:Porcentaje de alumnos en todas las escuelas de México de cada nivel de logro IV,NLM:Cantidad de alumnos en la escuela en cada nivel de logro: I,NLM:Cantidad de alumnos en la escuela en cada nivel de logro: II,NLM:Cantidad de alumnos en la escuela en cada nivel de logro: III,NLM:Cantidad de alumnos en la escuela en cada nivel de logro: IV,NLM:% de alumnos de la escuela en cada nivel de logro: I,NLM:% de alumnos de la escuela en cada nivel de logro: II,NLM:% de alumnos de la escuela en cada nivel de logro: III,NLM:% de alumnos de la escuela en cada nivel de logro: IV,NLM:Porcentaje de alumnos de escuelas parecidas en cada nivel de logro I,NLM:Porcentaje de alumnos de escuelas parecidas en cada nivel de logro II,NLM:Porcentaje de alumnos de escuelas parecidas en cada nivel de logro III,NLM:Porcentaje de alumnos de escuelas parecidas en cada nivel de logro IV,NLM:Porcentaje de alumnos en todas las escuelas de México de cada nivel de logro I,NLM:Porcentaje de alumnos en todas las escuelas de México de cada nivel de logro II,NLM:Porcentaje de alumnos en todas las escuelas de México de cada nivel de logro III,NLM:Porcentaje de alumnos en todas las escuelas de México de cada nivel de logro IV,Grupo
COLEGIO NACIONAL DE EDUCACION PROFESIONAL TECNICA NUM. 43 ING. MANUEL MOREN,24DPT0005Q,24,0,0,3,4,1,172,76,71,71,93.4,93.4,1,19,22,23,7,26.8,31.0,32.4,9.9,37.8,30.3,25.4,6.5,33.9,28.1,28.7,9.2,45,15,9,2,63.4,21.1,12.7,2.8,68.1,23.5,6.5,1.9,66.2,23.3,8,2.5,3
COLEGIO NACIONAL DE EDUCACION PROFESIONAL TECNICA NUM. 43 ING. MANUEL MOREN,24DPT0005Q,24,1,0,3,4,1,123,76,72,73,94.7,96.1,1,38,20,14,0,52.8,27.8,19.4,0.0,37.8,30.3,25.4,6.5,33.9,28.1,28.7,9.2,59,14,0,0,80.8,19.2,0.0,0.0,68.1,23.5,6.5,1.9,66.2,23.3,8,2.5,3
COLEGIO DE BACHILLERES NUM. 17,24ECB0017A,24,0,1,2,4,1,201,76,72,74,94.7,97.4,1,21,15,31,5,29.2,20.8,43.1,6.9,37.8,30.3,25.4,6.5,33.9,28.1,28.7,9.2,47,19,5,3,63.5,25.7,6.8,4.1,68.1,23.5,6.5,1.9,66.2,23.3,8,2.5,3
COLEGIO DE BACHILLERES NUM. 17,24ECB0017A,24,1,1,2,4,1,176,76,68,66,89.5,86.8,1,28,21,13,6,41.2,30.9,19.1,8.8,37.8,30.3,25.4,6.5,33.9,28.1,28.7,9.2,49,13,2,2,74.2,19.7,3.0,3.0,68.1,23.5,6.5,1.9,66.2,23.3,8,2.5,3
COLEGIO DE BACHILLERES NUM. 25,24ECB0024K,24,0,0,2,4,1,229,80,73,64,91.3,80.0,1,18,23,26,6,24.7,31.5,35.6,8.2,37.8,30.3,25.4,6.5,33.9,28.1,28.7,9.2,44,15,5,0,68.8,23.4,7.8,0.0,68.1,23.5,6.5,1.9,66.2,23.3,8,2.5,3
COLEGIO DE BACHILLERES NUM. 25,24ECB0024K,24,1,0,2,4,1,218,76,70,70,92.1,92.1,1,16,30,22,2,22.9,42.9,31.4,2.9,37.8,30.3,25.4,6.5,33.9,28.1,28.7,9.2,46,19,5,0,65.7,27.1,7.1,0.0,68.1,23.5,6.5,1.9,66.2,23.3,8,2.5,3
COLEGIO DE BACHILLERES NUM. 26,24ECB0027H,24,0,0,2,4,1,385,80,72,71,90.0,88.8,1,7,19,23,23,9.7,26.4,31.9,31.9,37.8,30.3,25.4,6.5,33.9,28.1,28.7,9.2,28,21,16,6,39.4,29.6,22.5,8.5,68.1,23.5,6.5,1.9,66.2,23.3,8,2.5,3
COLEGIO DE BACHILLERES NUM. 26,24ECB0027H,24,1,0,2,4,1,314,76,71,70,93.4,92.1,1,20,19,29,3,28.2,26.8,40.8,4.2,37.8,30.3,25.4,6.5,33.9,28.1,28.7,9.2,48,16,4,2,68.6,22.9,5.7,2.9,68.1,23.5,6.5,1.9,66.2,23.3,8,2.5,3
COLEGIO DE BACHILLERES NUM. 28,24ECB0031U,24,0,0,2,4,1,400,76,70,71,92.1,93.4,1,2,9,32,27,2.9,12.9,45.7,38.6,37.8,30.3,25.4,6.5,33.9,28.1,28.7,9.2,18,22,14,17,25.4,31.0,19.7,23.9,68.1,23.5,6.5,1.9,66.2,23.3,8,2.5,3
COLEGIO DE BACHILLERES NUM. 28,24ECB0031U,24,1,0,2,4,1,336,76,70,75,92.1,98.7,1,5,14,35,16,7.1,20.0,50.0,22.9,37.8,30.3,25.4,6.5,33.9,28.1,28.7,9.2,28,26,16,5,37.3,34.7,21.3,6.7,68.1,23.5,6.5,1.9,66.2,23.3,8,2.5,3
COLEGIO DE ESTUDIOS CIENTIFICOS Y TECNOLOGICOS UNIDAD SLP II REAL DE MINAS,24ETC0002O,24,0,0,1,4,1,189,76,60,67,78.9,88.2,1,14,21,21,4,23.3,35.0,35.0,6.7,37.8,30.3,25.4,6.5,33.9,28.1,28.7,9.2,43,15,5,4,64.2,22.4,7.5,6.0,68.1,23.5,6.5,1.9,66.2,23.3,8,2.5,3
COLEGIO DE ESTUDIOS CIENTIFICOS Y TECNOLOGICOS UNIDAD SLP II REAL DE MINAS,24ETC0002O,24,1,0,1,4,1,141,76,74,72,97.4,94.7,1,40,16,16,2,54.1,21.6,21.6,2.7,37.8,30.3,25.4,6.5,33.9,28.1,28.7,9.2,59,11,1,1,81.9,15.3,1.4,1.4,68.1,23.5,6.5,1.9,66.2,23.3,8,2.5,3
COLEGIO DE ESTUDIOS CIENTIFICOS Y TECNOLOGICOS UNIDAD S.L.P. IX BOCAS,24ETC0012V,24,0,0,1,2,1,86,80,76,76,95.0,95.0,1,23,28,20,5,30.3,36.8,26.3,6.6,37.8,30.3,25.4,6.5,33.9,28.1,28.7,9.2,52,20,3,1,68.4,26.3,3.9,1.3,68.1,23.5,6.5,1.9,66.2,23.3,8,2.5,3
CENTRO DE BACHILLERATO TECNOLOGICO INDUSTRIAL Y DE SERVICIOS NUM. 121,24DCT0422Z,24,0,1,6,4,2,311,76,65,63,85.5,82.9,2,11,23,21,10,16.9,35.4,32.3,15.4,32.4,31.6,29.9,6.0,33.9,28.1,28.7,9.2,30,22,6,5,47.6,34.9,9.5,7.9,62.0,27.5,8.7,1.8,66.2,23.3,8,2.5,0
CENTRO DE BACHILLERATO TECNOLOGICO INDUSTRIAL Y DE SERVICIOS NUM. 121,24DCT0422Z,24,1,1,6,4,2,298,76,68,71,89.5,93.4,2,22,18,25,3,32.4,26.5,36.8,4.4,32.4,31.6,29.9,6.0,33.9,28.1,28.7,9.2,34,22,12,3,47.9,31.0,16.9,4.2,62.0,27.5,8.7,1.8,66.2,23.3,8,2.5,0
CENTRO DE BACHILLERATO TECNOLOGICO INDUSTRIAL Y DE SERVICIOS NUM. 131,24DCT0424X,24,0,0,6,4,2,298,76,67,67,88.2,88.2,2,7,16,29,15,10.4,23.9,43.3,22.4,32.4,31.6,29.9,6.0,33.9,28.1,28.7,9.2,27,22,14,4,40.3,32.8,20.9,6.0,62.0,27.5,8.7,1.8,66.2,23.3,8,2.5,2
CENTRO DE BACHILLERATO TECNOLOGICO INDUSTRIAL Y DE SERVICIOS NUM. 131,24DCT0424X,24,1,0,6,4,2,233,76,64,70,84.2,92.1,2,11,21,29,3,17.2,32.8,45.3,4.7,32.4,31.6,29.9,6.0,33.9,28.1,28.7,9.2,43,13,10,4,61.4,18.6,14.3,5.7,62.0,27.5,8.7,1.8,66.2,23.3,8,2.5,0
"INSTITUTO AVANCE, A.C.",24PBH0086Y,24,0,0,9,4,3,46,38,32,31,84.2,81.6,3,14,9,6,3,43.8,28.1,18.8,9.4,29.7,29.0,31.3,10.0,33.9,28.1,28.7,9.2,22,8,1,0,71.0,25.8,3.2,0.0,63.6,24.6,7.6,4.3,66.2,23.3,8,2.5,1
INSTITUTO CARLOS GOMEZ,24PCT0001V,24,0,0,9,4,3,126,76,70,68,92.1,89.5,3,7,13,32,18,10.0,18.6,45.7,25.7,29.7,29.0,31.3,10.0,33.9,28.1,28.7,9.2,15,24,10,19,22.1,35.3,14.7,27.9,63.6,24.6,7.6,4.3,66.2,23.3,8,2.5,2
LIC. JESUS SILVA HERZOG,24SBC0001C,24,0,0,10,4,3,420,76,67,68,88.2,89.5,3,6,14,33,14,9.0,20.9,49.3,20.9,29.7,29.0,31.3,10.0,33.9,28.1,28.7,9.2,20,31,13,4,29.4,45.6,19.1,5.9,63.6,24.6,7.6,4.3,66.2,23.3,8,2.5,2
PROF. JOSE JUAREZ BARBOSA,24SBC0019B,24,0,0,10,4,3,175,76,67,72,88.2,94.7,3,19,20,26,2,28.4,29.9,38.8,3.0,29.7,29.0,31.3,10.0,33.9,28.1,28.7,9.2,49,18,5,0,68.1,25.0,6.9,0.0,63.6,24.6,7.6,4.3,66.2,23.3,8,2.5,0
E.P.C. NUM. 6 JESUS MARIA ISAIS REYES,24SBC0023O,24,1,0,10,4,3,31,29,28,29,96.6,100.0,3,12,8,8,0,42.9,28.6,28.6,0.0,29.7,29.0,31.3,10.0,33.9,28.1,28.7,9.2,25,3,1,0,86.2,10.3,3.4,0.0,63.6,24.6,7.6,4.3,66.2,23.3,8,2.5,1
CENTRO DE BACHILLERATO TECNOLOGICO INDUSTRIAL Y DE SERVICIOS NUM. 125,24DET0004L,24,0,0,8,4,1,308,80,68,71,85.0,88.8,1,23,17,22,6,33.8,25.0,32.4,8.8,37.8,30.3,25.4,6.5,33.9,28.1,28.7,9.2,51,16,3,1,71.8,22.5,4.2,1.4,68.1,23.5,6.5,1.9,66.2,23.3,8,2.5,3
CENTRO DE BACHILLERATO TECNOLOGICO INDUSTRIAL Y DE SERVICIOS NUM. 125,24DET0004L,24,1,0,8,4,1,166,80,67,67,83.8,83.8,1,31,24,12,0,46.3,35.8,17.9,0.0,37.8,30.3,25.4,6.5,33.9,28.1,28.7,9.2,57,9,1,0,85.1,13.4,1.5,0.0,68.1,23.5,6.5,1.9,66.2,23.3,8,2.5,3
COLEGIO NACIONAL DE EDUCACION PROFESIONAL TECNICA NUM. 205 SAN LUIS POTOSI,24DPT0009M,24,0,1,3,4,1,169,80,67,71,83.8,88.8,1,29,18,15,5,43.3,26.9,22.4,7.5,37.8,30.3,25.4,6.5,33.9,28.1,28.7,9.2,61,4,3,3,85.9,5.6,4.2,4.2,68.1,23.5,6.5,1.9,66.2,23.3,8,2.5,3
COLEGIO NACIONAL DE EDUCACION PROFESIONAL TECNICA NUM. 205 SAN LUIS POTOSI,24DPT0009M,24,1,1,3,4,1,132,80,59,60,73.8,75.0,1,37,13,9,0,62.7,22.0,15.3,0.0,37.8,30.3,25.4,6.5,33.9,28.1,28.7,9.2,59,1,0,0,98.3,1.7,0.0,0.0,68.1,23.5,6.5,1.9,66.2,23.3,8,2.5,3
CENTRO DE BACHILLERATO TECNOLOGICO AGROPECUARIO NUM. 196,24DTA0196V,24,0,0,5,4,2,147,80,62,52,77.5,65.0,2,28,22,11,1,45.2,35.5,17.7,1.6,32.4,31.6,29.9,6.0,33.9,28.1,28.7,9.2,40,6,5,1,76.9,11.5,9.6,1.9,62.0,27.5,8.7,1.8,66.2,23.3,8,2.5,0
COLEGIO DE BACHILLERES NUM. 01,24ECB0001Z,24,0,1,2,4,1,379,80,73,76,91.3,95.0,1,8,20,32,13,11.0,27.4,43.8,17.8,37.8,30.3,25.4,6.5,33.9,28.1,28.7,9.2,36,26,8,6,47.4,34.2,10.5,7.9,68.1,23.5,6.5,1.9,66.2,23.3,8,2.5,3
COLEGIO DE BACHILLERES NUM. 01,24ECB0001Z,24,1,1,2,4,1,300,80,72,73,90.0,91.3,1,15,16,30,11,20.8,22.2,41.7,15.3,37.8,30.3,25.4,6.5,33.9,28.1,28.7,9.2,41,21,10,1,56.2,28.8,13.7,1.4,68.1,23.5,6.5,1.9,66.2,23.3,8,2.5,3
COLEGIO DE BACHILLERES NUM. 19,24ECB0025J,24,0,0,2,4,1,248,80,77,76,96.3,95.0,1,10,26,33,8,13.0,33.8,42.9,10.4,37.8,30.3,25.4,6.5,33.9,28.1,28.7,9.2,36,30,5,5,47.4,39.5,6.6,6.6,68.1,23.5,6.5,1.9,66.2,23.3,8,2.5,3
COLEGIO DE BACHILLERES NUM. 19,24ECB0025J,24,1,0,2,4,1,173,80,73,73,91.3,91.3,1,31,28,12,2,42.5,38.4,16.4,2.7,37.8,30.3,25.4,6.5,33.9,28.1,28.7,9.2,56,14,3,0,76.7,19.2,4.1,0.0,68.1,23.5,6.5,1.9,66.2,23.3,8,2.5,3
"COLEGIO DE ESTUDIOS CIENTIFICOS Y TECNOLOGICOS ""UNIDAD SLP I LOMAS MEZQUITA",24ETC0001P,24,0,0,1,4,1,184,80,75,75,93.8,93.8,1,23,29,21,2,30.7,38.7,28.0,2.7,37.8,30.3,25.4,6.5,33.9,28.1,28.7,9.2,46,17,10,2,61.3,22.7,13.3,2.7,68.1,23.5,6.5,1.9,66.2,23.3,8,2.5,3
"COLEGIO DE ESTUDIOS CIENTIFICOS Y TECNOLOGICOS ""UNIDAD SLP I LOMAS MEZQUITA",24ETC0001P,24,1,0,1,4,1,132,80,71,73,88.8,91.3,1,34,25,8,4,47.9,35.2,11.3,5.6,37.8,30.3,25.4,6.5,33.9,28.1,28.7,9.2,61,10,2,0,83.6,13.7,2.7,0.0,68.1,23.5,6.5,1.9,66.2,23.3,8,2.5,3
"COLEGIO DE ESTUDIOS CIENTIFICOS Y TECNOLOGICOS ""UNIDAD SLP III NUEVO PROGRE",24ETC0003N,24,0,0,1,4,1,201,80,77,76,96.3,95.0,1,23,26,23,5,29.9,33.8,29.9,6.5,37.8,30.3,25.4,6.5,33.9,28.1,28.7,9.2,49,17,4,6,64.5,22.4,5.3,7.9,68.1,23.5,6.5,1.9,66.2,23.3,8,2.5,3
"COLEGIO DE ESTUDIOS CIENTIFICOS Y TECNOLOGICOS ""UNIDAD SLP III NUEVO PROGRE",24ETC0003N,24,1,0,1,4,1,168,80,79,79,98.8,98.8,1,44,18,16,1,55.7,22.8,20.3,1.3,37.8,30.3,25.4,6.5,33.9,28.1,28.7,9.2,60,18,1,0,75.9,22.8,1.3,0.0,68.1,23.5,6.5,1.9,66.2,23.3,8,2.5,3
COLEGIO DE ESTUDIOS CIENTIFICOS Y TECNOLOGICOS DEL ESTADO X ESCALERILLAS,24ETC0013U,24,0,0,1,2,1,44,40,39,39,97.5,97.5,1,27,9,3,0,69.2,23.1,7.7,0.0,37.8,30.3,25.4,6.5,33.9,28.1,28.7,9.2,35,3,1,0,89.7,7.7,2.6,0.0,68.1,23.5,6.5,1.9,66.2,23.3,8,2.5,3
COLEGIO SAN LUIS REY DE FRANCIA,24PBH0001A,24,0,0,9,4,3,130,80,77,78,96.3,97.5,3,13,26,31,7,16.9,33.8,40.3,9.1,29.7,29.0,31.3,10.0,33.9,28.1,28.7,9.2,50,19,8,1,64.1,24.4,10.3,1.3,63.6,24.6,7.6,4.3,66.2,23.3,8,2.5,0
"COLEGIO HISPANO MEXICANO, A.C.",24PBH0010I,24,0,0,9,4,3,35,35,31,33,88.6,94.3,3,2,9,11,9,6.5,29.0,35.5,29.0,29.7,29.0,31.3,10.0,33.9,28.1,28.7,9.2,17,10,4,2,51.5,30.3,12.1,6.1,63.6,24.6,7.6,4.3,66.2,23.3,8,2.5,1
COLEGIO SEMBRADORES DE AMISTAD,24PBH0011H,24,0,0,9,4,3,89,80,77,77,96.3,96.3,3,3,17,33,24,3.9,22.1,42.9,31.2,29.7,29.0,31.3,10.0,33.9,28.1,28.7,9.2,13,36,11,17,16.9,46.8,14.3,22.1,63.6,24.6,7.6,4.3,66.2,23.3,8,2.5,2
INSTITUTO SANTA RITA,24PBH0014E,24,0,0,9,4,3,16,16,14,13,87.5,81.3,3,4,5,5,0,28.6,35.7,35.7,0.0,29.7,29.0,31.3,10.0,33.9,28.1,28.7,9.2,11,1,1,0,84.6,7.7,7.7,0.0,63.6,24.6,7.6,4.3,66.2,23.3,8,2.5,1
"INSTITUTO LATINOAMERICANO DE SAN LUIS, A.C.",24PBH0023M,24,0,0,9,4,3,12,12,12,12,100.0,100.0,3,0,3,7,2,0.0,25.0,58.3,16.7,29.7,29.0,31.3,10.0,33.9,28.1,28.7,9.2,3,7,1,1,25.0,58.3,8.3,8.3,63.6,24.6,7.6,4.3,66.2,23.3,8,2.5,1
INSTITUTO TECNOLOGICO DE ESTUDIOS SUPERIORES DE MONTERREY CAMPUS SAN LUIS P,24PBH0028H,24,0,0,9,4,3,280,80,79,77,98.8,96.3,3,1,1,28,49,1.3,1.3,35.4,62.0,29.7,29.0,31.3,10.0,33.9,28.1,28.7,9.2,7,21,28,21,9.1,27.3,36.4,27.3,63.6,24.6,7.6,4.3,66.2,23.3,8,2.5,2
INSTITUTO CARLOS GOMEZ,24PBH0031V,24,0,0,9,4,3,161,80,69,65,86.3,81.3,3,4,7,36,22,5.8,10.1,52.2,31.9,29.7,29.0,31.3,10.0,33.9,28.1,28.7,9.2,27,24,9,5,41.5,36.9,13.8,7.7,63.6,24.6,7.6,4.3,66.2,23.3,8,2.5,2
"INSTITUTO ALFRED NOBEL DEL CENTRO, S.C.",24PBH0034S,24,0,0,9,4,3,22,22,19,19,86.4,86.4,3,6,7,4,2,31.6,36.8,21.1,10.5,29.7,29.0,31.3,10.0,33.9,28.1,28.7,9.2,14,4,1,0,73.7,21.1,5.3,0.0,63.6,24.6,7.6,4.3,66.2,23.3,8,2.5,1
COLEGIO VALLARTA,24PBH0037P,24,0,0,9,4,3,16,16,14,15,87.5,93.8,3,4,3,5,2,28.6,21.4,35.7,14.3,29.7,29.0,31.3,10.0,33.9,28.1,28.7,9.2,12,3,0,0,80.0,20.0,0.0,0.0,63.6,24.6,7.6,4.3,66.2,23.3,8,2.5,1
INSTITUTO PONCIANO ARRIAGA,24PBH0045Y,24,0,0,9,4,3,265,80,57,53,71.3,66.3,3,38,10,9,0,66.7,17.5,15.8,0.0,29.7,29.0,31.3,10.0,33.9,28.1,28.7,9.2,48,4,1,0,90.6,7.5,1.9,0.0,63.6,24.6,7.6,4.3,66.2,23.3,8,2.5,0
"INSTITUTO DE ESTUDIOS SUPERIORES DE SAN LUIS, A.C.",24PBH0046X,24,0,0,9,4,3,14,14,13,13,92.9,92.9,3,7,2,3,1,53.8,15.4,23.1,7.7,29.7,29.0,31.3,10.0,33.9,28.1,28.7,9.2,12,0,1,0,92.3,0.0,7.7,0.0,63.6,24.6,7.6,4.3,66.2,23.3,8,2.5,1
INSTITUTO ATENEA,24PBH0047W,24,0,0,9,4,3,15,15,12,12,80.0,80.0,3,5,1,5,1,41.7,8.3,41.7,8.3,29.7,29.0,31.3,10.0,33.9,28.1,28.7,9.2,8,3,1,0,66.7,25.0,8.3,0.0,63.6,24.6,7.6,4.3,66.2,23.3,8,2.5,1
FRAY BARTOLOME DE LAS CASAS,24PBH0058B,24,0,0,9,4,3,46,40,36,36,90.0,90.0,3,10,12,12,2,27.8,33.3,33.3,5.6,29.7,29.0,31.3,10.0,33.9,28.1,28.7,9.2,29,5,2,0,80.6,13.9,5.6,0.0,63.6,24.6,7.6,4.3,66.2,23.3,8,2.5,1
INSTITUTO JUSTO SIERRA,24PBH0070X,24,0,0,9,4,3,17,17,11,12,64.7,70.6,3,3,3,5,0,27.3,27.3,45.5,0.0,29.7,29.0,31.3,10.0,33.9,28.1,28.7,9.2,12,0,0,0,100.0,0.0,0.0,0.0,63.6,24.6,7.6,4.3,66.2,23.3,8,2.5,1
INSTITUTO CULTURAL LICEO DEL POTOSI,24PBH0074T,24,0,0,9,4,3,43,40,37,37,92.5,92.5,3,11,9,13,4,29.7,24.3,35.1,10.8,29.7,29.0,31.3,10.0,33.9,28.1,28.7,9.2,23,12,1,1,62.2,32.4,2.7,2.7,63.6,24.6,7.6,4.3,66.2,23.3,8,2.5,1
INSTITUTO JUVENTUD,24PBH0075S,24,0,0,9,4,3,19,19,15,16,78.9,84.2,3,7,3,4,1,46.7,20.0,26.7,6.7,29.7,29.0,31.3,10.0,33.9,28.1,28.7,9.2,13,2,0,1,81.3,12.5,0.0,6.3,63.6,24.6,7.6,4.3,66.2,23.3,8,2.5,1
ESCUELA PREPARATORIA REAL DEL POTOSI,24PBH0079O,24,0,0,9,4,3,15,15,15,15,100.0,100.0,3,5,4,6,0,33.3,26.7,40.0,0.0,29.7,29.0,31.3,10.0,33.9,28.1,28.7,9.2,7,7,1,0,46.7,46.7,6.7,0.0,63.6,24.6,7.6,4.3,66.2,23.3,8,2.5,1
RAFAEL NIETO,24PBH0080D,24,0,0,9,4,3,49,40,33,33,82.5,82.5,3,11,10,10,2,33.3,30.3,30.3,6.1,29.7,29.0,31.3,10.0,33.9,28.1,28.7,9.2,27,4,2,0,81.8,12.1,6.1,0.0,63.6,24.6,7.6,4.3,66.2,23.3,8,2.5,1
INSTITUTO BENEMERITO DE LAS AMERICAS,24PBH0081C,24,0,0,9,4,3,27,27,26,25,96.3,92.6,3,12,3,9,2,46.2,11.5,34.6,7.7,29.7,29.0,31.3,10.0,33.9,28.1,28.7,9.2,19,4,2,0,76.0,16.0,8.0,0.0,63.6,24.6,7.6,4.3,66.2,23.3,8,2.5,1
CENTRO EDUCATIVO MONTESSORI,24PBH0083A,24,0,0,9,4,3,15,15,11,13,73.3,86.7,3,2,3,4,2,18.2,27.3,36.4,18.2,29.7,29.0,31.3,10.0,33.9,28.1,28.7,9.2,10,2,1,0,76.9,15.4,7.7,0.0,63.6,24.6,7.6,4.3,66.2,23.3,8,2.5,1
"COLEGIO ALMA PATRIA DE SAN LUIS, A.C.",24PBH0084Z,24,0,0,9,4,3,156,80,69,70,86.3,87.5,3,24,26,14,5,34.8,37.7,20.3,7.2,29.7,29.0,31.3,10.0,33.9,28.1,28.7,9.2,64,6,0,0,91.4,8.6,0.0,0.0,63.6,24.6,7.6,4.3,66.2,23.3,8,2.5,0
INSTITUTO RICARDO FLORES MAGON,24PBH0085Z,24,0,1,9,4,3,26,26,25,25,96.2,96.2,3,2,5,10,8,8.0,20.0,40.0,32.0,29.7,29.0,31.3,10.0,33.9,28.1,28.7,9.2,18,5,2,0,72.0,20.0,8.0,0.0,63.6,24.6,7.6,4.3,66.2,23.3,8,2.5,1
ESCUELA PREPARATORIA SAN LUIS DE LA PATRIA,24PBH0097D,24,1,0,9,4,3,19,19,12,11,63.2,57.9,3,3,2,7,0,25.0,16.7,58.3,0.0,29.7,29.0,31.3,10.0,33.9,28.1,28.7,9.2,8,2,1,0,72.7,18.2,9.1,0.0,63.6,24.6,7.6,4.3,66.2,23.3,8,2.5,1
UNIVERSIDAD DEL CENTRO DE MEXICO,24PBH0101Z,24,0,0,9,4,3,72,40,38,36,95.0,90.0,3,2,6,14,16,5.3,15.8,36.8,42.1,29.7,29.0,31.3,10.0,33.9,28.1,28.7,9.2,14,12,7,3,38.9,33.3,19.4,8.3,63.6,24.6,7.6,4.3,66.2,23.3,8,2.5,2
JUANA DE ASBAJE,24PBH0102Z,24,0,0,9,4,3,14,14,14,14,100.0,100.0,3,3,3,6,2,21.4,21.4,42.9,14.3,29.7,29.0,31.3,10.0,33.9,28.1,28.7,9.2,10,3,1,0,71.4,21.4,7.1,0.0,63.6,24.6,7.6,4.3,66.2,23.3,8,2.5,1
PREPARATORIA DE LA UNIVERSIDAD MARISTA DE SAN LUIS POTOSI,24PBH0111G,24,0,0,9,4,3,22,22,20,19,90.9,86.4,3,3,4,11,2,15.0,20.0,55.0,10.0,29.7,29.0,31.3,10.0,33.9,28.1,28.7,9.2,11,5,2,1,57.9,26.3,10.5,5.3,63.6,24.6,7.6,4.3,66.2,23.3,8,2.5,1
JOSE VASCONCELOS,24PBH0114D,24,1,1,9,4,3,96,80,39,37,48.8,46.3,3,18,10,8,3,46.2,25.6,20.5,7.7,29.7,29.0,31.3,10.0,33.9,28.1,28.7,9.2,27,8,1,1,73.0,21.6,2.7,2.7,63.6,24.6,7.6,4.3,66.2,23.3,8,2.5,1
PREPARATORIA MOTOLINIA,24PBH0117A,24,0,0,9,4,3,101,80,73,72,91.3,90.0,3,1,18,28,26,1.4,24.7,38.4,35.6,29.7,29.0,31.3,10.0,33.9,28.1,28.7,9.2,11,26,24,11,15.3,36.1,33.3,15.3,63.6,24.6,7.6,4.3,66.2,23.3,8,2.5,2
BACHILLERATO UNIVERSIDAD CUAUHTEMOC SAN LUIS POTOSI,24PBH0123L,24,0,0,9,4,3,53,40,39,38,97.5,95.0,3,7,13,13,6,17.9,33.3,33.3,15.4,29.7,29.0,31.3,10.0,33.9,28.1,28.7,9.2,28,3,6,1,73.7,7.9,15.8,2.6,63.6,24.6,7.6,4.3,66.2,23.3,8,2.5,1
COLEGIO JOSE ANTONIO ALZATE Y RAMIREZ,24PBH0126I,24,0,0,9,4,3,13,13,11,13,84.6,100.0,3,0,0,6,5,0.0,0.0,54.5,45.5,29.7,29.0,31.3,10.0,33.9,28.1,28.7,9.2,1,2,5,5,7.7,15.4,38.5,38.5,63.6,24.6,7.6,4.3,66.2,23.3,8,2.5,2
COLEGIO MINERVA,24PBH3053A,24,0,0,9,4,3,65,40,37,37,92.5,92.5,3,2,7,22,6,5.4,18.9,59.5,16.2,29.7,29.0,31.3,10.0,33.9,28.1,28.7,9.2,9,9,12,7,24.3,24.3,32.4,18.9,63.6,24.6,7.6,4.3,66.2,23.3,8,2.5,2
INSTITUTO GABRIEL AGUIRRE,24PBH3054Z,24,0,0,9,4,3,15,15,14,14,93.3,93.3,3,4,4,6,0,28.6,28.6,42.9,0.0,29.7,29.0,31.3,10.0,33.9,28.1,28.7,9.2,11,2,1,0,78.6,14.3,7.1,0.0,63.6,24.6,7.6,4.3,66.2,23.3,8,2.5,1
"INSTITUTO HISPANO INGLES, A.C.",24PBH3260I,24,0,0,9,4,3,43,40,36,37,90.0,92.5,3,7,3,16,10,19.4,8.3,44.4,27.8,29.7,29.0,31.3,10.0,33.9,28.1,28.7,9.2,16,15,6,0,43.2,40.5,16.2,0.0,63.6,24.6,7.6,4.3,66.2,23.3,8,2.5,2
INSTITUTO ANDES DE SAN LUIS,24PBH3363E,24,0,0,9,4,3,42,40,35,38,87.5,95.0,3,2,8,17,8,5.7,22.9,48.6,22.9,29.7,29.0,31.3,10.0,33.9,28.1,28.7,9.2,11,16,7,4,28.9,42.1,18.4,10.5,63.6,24.6,7.6,4.3,66.2,23.3,8,2.5,2
UNIVERSIDAD DEL VALLE DE MEXICO,24PBH3403P,24,0,0,9,4,3,79,40,39,39,97.5,97.5,3,3,7,14,15,7.7,17.9,35.9,38.5,29.7,29.0,31.3,10.0,33.9,28.1,28.7,9.2,14,14,6,5,35.9,35.9,15.4,12.8,63.6,24.6,7.6,4.3,66.2,23.3,8,2.5,2
UNIVERSIDAD TECMILENIO CAMPUS SAN LUIS POTOSI,24PBH3642P,24,0,0,9,4,3,205,80,74,76,92.5,95.0,3,10,9,33,22,13.5,12.2,44.6,29.7,29.7,29.0,31.3,10.0,33.9,28.1,28.7,9.2,22,32,16,6,28.9,42.1,21.1,7.9,63.6,24.6,7.6,4.3,66.2,23.3,8,2.5,2
COLEGIO INTERNACIONAL TERRANOVA BACHILLERATO,24PBH3717P,24,0,0,9,4,3,19,19,16,16,84.2,84.2,3,0,3,9,4,0.0,18.8,56.3,25.0,29.7,29.0,31.3,10.0,33.9,28.1,28.7,9.2,6,4,3,3,37.5,25.0,18.8,18.8,63.6,24.6,7.6,4.3,66.2,23.3,8,2.5,1
MULTIVERSIDAD LATINOAMERICANA CAMPUS SAN LUIS POTOSI BACHILLERATO,24PBH3851V,24,0,1,9,3,3,21,21,19,19,90.5,90.5,3,4,3,10,2,21.1,15.8,52.6,10.5,29.7,29.0,31.3,10.0,33.9,28.1,28.7,9.2,15,2,2,0,78.9,10.5,10.5,0.0,63.6,24.6,7.6,4.3,66.2,23.3,8,2.5,1
INSTITUTO LOMAS DEL REAL,24PCB0002E,24,0,0,9,4,3,24,24,24,24,100.0,100.0,3,1,1,14,8,4.2,4.2,58.3,33.3,29.7,29.0,31.3,10.0,33.9,28.1,28.7,9.2,6,7,5,6,25.0,29.2,20.8,25.0,63.6,24.6,7.6,4.3,66.2,23.3,8,2.5,2
"COLEGIO JUAN DE DIOS PEZA, A.C.",24PCB0003D,24,0,0,9,4,3,56,40,38,39,95.0,97.5,3,4,7,13,14,10.5,18.4,34.2,36.8,29.7,29.0,31.3,10.0,33.9,28.1,28.7,9.2,21,10,4,4,53.8,25.6,10.3,10.3,63.6,24.6,7.6,4.3,66.2,23.3,8,2.5,2
INSTITUTO REAL DE SAN LUIS,24PCB0016H,24,0,0,9,4,3,26,26,22,23,84.6,88.5,3,0,4,8,10,0.0,18.2,36.4,45.5,29.7,29.0,31.3,10.0,33.9,28.1,28.7,9.2,5,4,5,9,21.7,17.4,21.7,39.1,63.6,24.6,7.6,4.3,66.2,23.3,8,2.5,2
INSTITUTO LA PAZ,24PCB0017G,24,0,0,9,4,3,19,19,17,17,89.5,89.5,3,0,6,6,5,0.0,35.3,35.3,29.4,29.7,29.0,31.3,10.0,33.9,28.1,28.7,9.2,5,10,2,0,29.4,58.8,11.8,0.0,63.6,24.6,7.6,4.3,66.2,23.3,8,2.5,1
CONCIENCIA BACHILLER,24PCB0021T,24,0,0,9,4,3,16,16,15,16,93.8,100.0,3,3,3,6,3,20.0,20.0,40.0,20.0,29.7,29.0,31.3,10.0,33.9,28.1,28.7,9.2,8,5,3,0,50.0,31.3,18.8,0.0,63.6,24.6,7.6,4.3,66.2,23.3,8,2.5,1
CARTAGO,24PCT0005R,24,1,0,9,4,3,81,80,70,71,87.5,88.8,3,31,23,15,1,44.3,32.9,21.4,1.4,29.7,29.0,31.3,10.0,33.9,28.1,28.7,9.2,63,8,0,0,88.7,11.3,0.0,0.0,63.6,24.6,7.6,4.3,66.2,23.3,8,2.5,0
BACHILLERATO TECNOLOGICO DE SAN LUIS POTOSI,24PCT0010C,24,1,0,9,4,3,17,17,14,14,82.4,82.4,3,4,4,4,2,28.6,28.6,28.6,14.3,29.7,29.0,31.3,10.0,33.9,28.1,28.7,9.2,3,7,2,2,21.4,50.0,14.3,14.3,63.6,24.6,7.6,4.3,66.2,23.3,8,2.5,1
EDUCATIVO TECNOLOGICO EMETA,24PCT0022H,24,0,0,9,4,3,18,18,15,15,83.3,83.3,3,8,4,3,0,53.3,26.7,20.0,0.0,29.7,29.0,31.3,10.0,33.9,28.1,28.7,9.2,12,3,0,0,80.0,20.0,0.0,0.0,63.6,24.6,7.6,4.3,66.2,23.3,8,2.5,1
PROF. PEDRO VALLEJO,24SBC0002B,24,1,0,10,4,3,231,80,74,74,92.5,92.5,3,22,21,23,8,29.7,28.4,31.1,10.8,29.7,29.0,31.3,10.0,33.9,28.1,28.7,9.2,28,25,8,13,37.8,33.8,10.8,17.6,63.6,24.6,7.6,4.3,66.2,23.3,8,2.5,2
PROF. JESUS R ALDERETE,24SBC0003A,24,1,0,10,4,3,209,80,75,75,93.8,93.8,3,29,20,23,3,38.7,26.7,30.7,4.0,29.7,29.0,31.3,10.0,33.9,28.1,28.7,9.2,67,7,0,1,89.3,9.3,0.0,1.3,63.6,24.6,7.6,4.3,66.2,23.3,8,2.5,0
FRANCISCO MARTINEZ DE LA VEGA,24SBC0004Z,24,0,0,10,4,3,342,80,75,77,93.8,96.3,3,0,17,38,20,0.0,22.7,50.7,26.7,29.7,29.0,31.3,10.0,33.9,28.1,28.7,9.2,25,28,17,7,32.5,36.4,22.1,9.1,63.6,24.6,7.6,4.3,66.2,23.3,8,2.5,2
PROF. LIBRADO RIVERA,24SBC0005Z,24,1,1,10,4,3,108,80,75,74,93.8,92.5,3,39,20,13,3,52.0,26.7,17.3,4.0,29.7,29.0,31.3,10.0,33.9,28.1,28.7,9.2,61,11,1,1,82.4,14.9,1.4,1.4,63.6,24.6,7.6,4.3,66.2,23.3,8,2.5,0
RAFAEL NIETO COMPEAN,24SBC0010K,24,1,0,10,4,3,59,40,40,40,100.0,100.0,3,11,17,9,3,27.5,42.5,22.5,7.5,29.7,29.0,31.3,10.0,33.9,28.1,28.7,9.2,20,16,2,2,50.0,40.0,5.0,5.0,63.6,24.6,7.6,4.3,66.2,23.3,8,2.5,1
PROFA. CELIA FERNANDEZ CAPETILLO,24SBC0011J,24,1,0,10,4,3,153,80,74,76,92.5,95.0,3,36,23,13,2,48.6,31.1,17.6,2.7,29.7,29.0,31.3,10.0,33.9,28.1,28.7,9.2,72,4,0,0,94.7,5.3,0.0,0.0,63.6,24.6,7.6,4.3,66.2,23.3,8,2.5,0
LIC. ANTONIO ROCHA CORDERO,24SBC0012I,24,1,0,10,4,3,47,40,35,35,87.5,87.5,3,7,15,10,3,20.0,42.9,28.6,8.6,29.7,29.0,31.3,10.0,33.9,28.1,28.7,9.2,25,7,3,0,71.4,20.0,8.6,0.0,63.6,24.6,7.6,4.3,66.2,23.3,8,2.5,1
PONCIANO ARRIAGA,24SBC0013H,24,0,0,10,4,3,153,80,69,66,86.3,82.5,3,36,20,10,3,52.2,29.0,14.5,4.3,29.7,29.0,31.3,10.0,33.9,28.1,28.7,9.2,56,9,0,1,84.8,13.6,0.0,1.5,63.6,24.6,7.6,4.3,66.2,23.3,8,2.5,0
E.P.C. NUM. 1 BENITO SOLIS LUNA,24SBC0014G,24,1,0,10,4,3,22,22,18,19,81.8,86.4,3,7,3,7,1,38.9,16.7,38.9,5.6,29.7,29.0,31.3,10.0,33.9,28.1,28.7,9.2,13,6,0,0,68.4,31.6,0.0,0.0,63.6,24.6,7.6,4.3,66.2,23.3,8,2.5,1
E.P.C. NUM. 2 LUIS G. MEDELLIN NIÑO,24SBC0015F,24,0,0,10,4,3,69,40,32,35,80.0,87.5,3,10,15,6,1,31.3,46.9,18.8,3.1,29.7,29.0,31.3,10.0,33.9,28.1,28.7,9.2,30,5,0,0,85.7,14.3,0.0,0.0,63.6,24.6,7.6,4.3,66.2,23.3,8,2.5,1
PROFA. MARGARITA CARDENAS DE RENTERIA,24SBC0020R,24,0,0,10,4,3,412,80,78,77,97.5,96.3,3,8,26,38,6,10.3,33.3,48.7,7.7,29.7,29.0,31.3,10.0,33.9,28.1,28.7,9.2,60,13,4,0,77.9,16.9,5.2,0.0,63.6,24.6,7.6,4.3,66.2,23.3,8,2.5,0
PROF. J. NATIVIDAD SANCHEZ,24SBC0021Q,24,1,0,10,4,3,162,80,67,67,83.8,83.8,3,25,26,12,4,37.3,38.8,17.9,6.0,29.7,29.0,31.3,10.0,33.9,28.1,28.7,9.2,57,9,1,0,85.1,13.4,1.5,0.0,63.6,24.6,7.6,4.3,66.2,23.3,8,2.5,0
E.P.C. NUM. 5 GRACIANO SANCHEZ ROMO,24SBC0022P,24,0,1,10,4,3,41,40,40,39,100.0,97.5,3,11,18,9,2,27.5,45.0,22.5,5.0,29.7,29.0,31.3,10.0,33.9,28.1,28.7,9.2,30,7,2,0,76.9,17.9,5.1,0.0,63.6,24.6,7.6,4.3,66.2,23.3,8,2.5,1
PROF. JOSE CESAR CRUZ SANDOVAL,24SBC0026L,24,0,0,10,4,3,207,80,75,76,93.8,95.0,3,9,22,33,11,12.0,29.3,44.0,14.7,29.7,29.0,31.3,10.0,33.9,28.1,28.7,9.2,26,29,15,6,34.2,38.2,19.7,7.9,63.6,24.6,7.6,4.3,66.2,23.3,8,2.5,2
E.P.C. NUM. 19 CAP. MIGUEL CALDERA,24SBC0037R,24,1,0,10,2,3,24,24,20,20,83.3,83.3,3,15,4,1,0,75.0,20.0,5.0,0.0,29.7,29.0,31.3,10.0,33.9,28.1,28.7,9.2,20,0,0,0,100.0,0.0,0.0,0.0,63.6,24.6,7.6,4.3,66.2,23.3,8,2.5,1
PROF. JUAN GREGORIO SALINAS FUENTES,24SBC0040E,24,1,0,10,4,3,149,80,69,67,86.3,83.8,3,35,18,15,1,50.7,26.1,21.7,1.4,29.7,29.0,31.3,10.0,33.9,28.1,28.7,9.2,58,6,2,1,86.6,9.0,3.0,1.5,63.6,24.6,7.6,4.3,66.2,23.3,8,2.5,0
E.P.C. NUM. 32 JUSTO SIERRA,24SBC0053I,24,0,1,10,2,3,30,30,28,28,93.3,93.3,3,19,5,3,1,67.9,17.9,10.7,3.6,29.7,29.0,31.3,10.0,33.9,28.1,28.7,9.2,27,1,0,0,96.4,3.6,0.0,0.0,63.6,24.6,7.6,4.3,66.2,23.3,8,2.5,1
PROF. ANTONIO TRISTAN ALVAREZ,24SBC0055G,24,0,0,10,4,3,228,80,75,75,93.8,93.8,3,30,22,22,1,40.0,29.3,29.3,1.3,29.7,29.0,31.3,10.0,33.9,28.1,28.7,9.2,59,14,2,0,78.7,18.7,2.7,0.0,63.6,24.6,7.6,4.3,66.2,23.3,8,2.5,0
E.P.C. NUM. 22 RICARDO FLORES MAGON,24SBC0070Z,24,1,0,10,4,3,42,40,35,36,87.5,90.0,3,15,10,9,1,42.9,28.6,25.7,2.9,29.7,29.0,31.3,10.0,33.9,28.1,28.7,9.2,31,2,1,2,86.1,5.6,2.8,5.6,63.6,24.6,7.6,4.3,66.2,23.3,8,2.5,1
PROFA. CELIA LECHON NOYOLA,24SBC0071Y,24,0,0,10,4,3,172,80,75,75,93.8,93.8,3,15,23,31,6,20.0,30.7,41.3,8.0,29.7,29.0,31.3,10.0,33.9,28.1,28.7,9.2,54,16,3,2,72.0,21.3,4.0,2.7,63.6,24.6,7.6,4.3,66.2,23.3,8,2.5,0
NUEVA GENERACION,24SBC0076T,24,0,0,10,2,3,42,40,35,35,87.5,87.5,3,22,7,6,0,62.9,20.0,17.1,0.0,29.7,29.0,31.3,10.0,33.9,28.1,28.7,9.2,31,4,0,0,88.6,11.4,0.0,0.0,63.6,24.6,7.6,4.3,66.2,23.3,8,2.5,1
PREPARATORIA MUNICIPAL EL SAUCITO,24SBC0081E,24,0,0,10,4,3,150,80,70,75,87.5,93.8,3,29,26,13,2,41.4,37.1,18.6,2.9,29.7,29.0,31.3,10.0,33.9,28.1,28.7,9.2,71,4,0,0,94.7,5.3,0.0,0.0,63.6,24.6,7.6,4.3,66.2,23.3,8,2.5,0
SOLIDARIDAD,24SBC0087Z,24,0,0,10,4,3,81,80,79,79,98.8,98.8,3,15,28,28,8,19.0,35.4,35.4,10.1,29.7,29.0,31.3,10.0,33.9,28.1,28.7,9.2,42,28,6,3,53.2,35.4,7.6,3.8,63.6,24.6,7.6,4.3,66.2,23.3,8,2.5,0
PROF. RAFAEL TURRUBIARTES MACIAS,24SBC0088Y,24,0,0,10,4,3,64,40,37,37,92.5,92.5,3,17,9,9,2,45.9,24.3,24.3,5.4,29.7,29.0,31.3,10.0,33.9,28.1,28.7,9.2,29,7,1,0,78.4,18.9,2.7,0.0,63.6,24.6,7.6,4.3,66.2,23.3,8,2.5,1
TOMAS MIRANDA LEURA,24SBC0089X,24,0,1,10,4,3,80,80,75,75,93.8,93.8,3,41,26,7,1,54.7,34.7,9.3,1.3,29.7,29.0,31.3,10.0,33.9,28.1,28.7,9.2,65,7,3,0,86.7,9.3,4.0,0.0,63.6,24.6,7.6,4.3,66.2,23.3,8,2.5,0
FLORENCIO SALAZAR MARTINEZ,24SBC0092K,24,1,1,10,3,3,21,21,21,21,100.0,100.0,3,14,5,1,1,66.7,23.8,4.8,4.8,29.7,29.0,31.3,10.0,33.9,28.1,28.7,9.2,20,1,0,0,95.2,4.8,0.0,0.0,63.6,24.6,7.6,4.3,66.2,23.3,8,2.5,1
NICOLAS LEON,24SBC1079X,24,1,0,10,2,3,24,24,19,19,79.2,79.2,3,11,6,2,0,57.9,31.6,10.5,0.0,29.7,29.0,31.3,10.0,33.9,28.1,28.7,9.2,18,1,0,0,94.7,5.3,0.0,0.0,63.6,24.6,7.6,4.3,66.2,23.3,8,2.5,1
MIGUEL DE CERVANTES SAAVEDRA,24SBC1093Q,24,1,0,10,4,3,18,18,16,17,88.9,94.4,3,10,5,1,0,62.5,31.3,6.3,0.0,29.7,29.0,31.3,10.0,33.9,28.1,28.7,9.2,15,2,0,0,88.2,11.8,0.0,0.0,63.6,24.6,7.6,4.3,66.2,23.3,8,2.5,1
